year,round,driver_id,elo_before,elo_change_last_race,elo_change_last_5,elo_trend_direction
2019,1,albon,1450.0,,,0
2019,2,albon,1395.71,-54.289999999999964,,-1
2019,3,albon,1486.64,90.93000000000006,,1
2019,4,albon,1507.54,20.899999999999864,,1
2019,5,albon,1488.34,-19.200000000000045,,-1
2020,1,albon,1474.54,-13.799999999999955,24.539999999999964,-1
2020,2,albon,1431.56,-42.98000000000002,35.84999999999991,-1
2020,3,albon,1629.4,197.84000000000015,142.76,1
2020,4,albon,1698.55,69.14999999999986,191.01,1
2020,5,albon,1654.09,-44.460000000000036,165.75,-1
2022,1,albon,1673.34,19.25,198.79999999999995,1
2022,2,albon,1533.22,-140.1199999999999,101.66000000000008,-1
2022,3,albon,1454.07,-79.15000000000009,-175.33000000000015,-1
2022,4,albon,1522.88,68.81000000000017,-175.66999999999985,1
2022,5,albon,1523.28,0.3999999999998636,-130.80999999999995,1
2023,1,albon,1570.27,46.99000000000001,-103.06999999999994,1
2023,2,albon,1580.07,9.799999999999955,46.84999999999991,1
2023,3,albon,1348.56,-231.51,-105.50999999999999,-1
2023,4,albon,1243.03,-105.52999999999997,-279.85000000000014,-1
2023,5,albon,1364.0,120.97000000000003,-159.27999999999997,1
2024,1,albon,1383.47,19.470000000000027,-186.79999999999995,1
2024,2,albon,1359.83,-23.6400000000001,-220.24,-1
2024,3,albon,1437.17,77.34000000000015,88.61000000000013,1
2024,4,albon,1479.56,42.38999999999987,236.52999999999997,1
2024,5,albon,1265.72,-213.83999999999992,-98.27999999999997,-1
2025,1,albon,1375.21,109.49000000000001,-8.259999999999991,1
2025,2,albon,1609.24,234.02999999999997,249.41000000000008,1
2025,3,albon,1678.2,68.96000000000004,241.02999999999997,1
2025,4,albon,1659.76,-18.440000000000055,180.20000000000005,-1
2025,5,albon,1577.9,-81.8599999999999,312.18000000000006,-1
2026,1,albon,1600.31,22.409999999999854,225.0999999999999,1
2016,1,alonso,1450.0,,,0
2016,3,alonso,1230.03,-219.97000000000003,,-1
2016,4,alonso,1345.38,115.35000000000014,,1
2017,1,alonso,1529.45,184.06999999999994,,1
2017,2,alonso,1422.16,-107.28999999999996,,-1
2017,3,alonso,1318.47,-103.69000000000005,-131.52999999999997,-1
2017,4,alonso,1313.65,-4.819999999999936,83.62000000000012,-1
2017,5,alonso,1152.08,-161.57000000000016,-193.30000000000018,-1
2018,1,alonso,1296.65,144.57000000000016,-232.79999999999995,1
2018,2,alonso,1525.02,228.3699999999999,102.8599999999999,1
2018,3,alonso,1591.34,66.31999999999994,272.8699999999999,1
2018,4,alonso,1618.51,27.170000000000073,304.8599999999999,1
2018,5,alonso,1640.44,21.930000000000064,488.3600000000001,1
2021,1,alonso,1590.57,-49.87000000000012,293.91999999999985,-1
2021,2,alonso,1336.1,-254.47000000000003,-188.92000000000007,-1
2021,3,alonso,1442.18,106.08000000000015,-149.15999999999985,1
2021,4,alonso,1545.84,103.65999999999985,-72.67000000000007,1
2021,5,alonso,1363.94,-181.89999999999986,-276.5,-1
2022,1,alonso,1394.23,30.289999999999964,-196.33999999999992,1
2022,2,alonso,1506.35,112.11999999999989,170.25,1
2022,3,alonso,1393.99,-112.3599999999999,-48.190000000000055,-1
2022,4,alonso,1307.13,-86.8599999999999,-238.7099999999998,-1
2022,5,alonso,1215.49,-91.6400000000001,-148.45000000000005,-1
2023,1,alonso,1386.14,170.6500000000001,-8.089999999999918,1
2023,2,alonso,1649.65,263.51,143.30000000000018,1
2023,3,alonso,1780.44,130.78999999999996,386.45000000000005,1
2023,4,alonso,1857.52,77.07999999999993,550.3899999999999,1
2023,5,alonso,1874.49,16.970000000000027,659.0,1
2024,1,alonso,1877.45,2.9600000000000364,491.30999999999995,1
2024,2,alonso,1761.27,-116.18000000000006,111.61999999999989,-1
2024,3,alonso,1790.8,29.529999999999973,10.3599999999999,1
2024,4,alonso,1744.32,-46.48000000000002,-113.20000000000005,-1
2024,5,alonso,1767.01,22.690000000000055,-107.48000000000002,1
2025,1,alonso,1735.13,-31.87999999999988,-142.31999999999994,-1
2025,2,alonso,1480.7,-254.43000000000006,-280.56999999999994,-1
2025,3,alonso,1365.23,-115.47000000000003,-425.56999999999994,-1
2025,4,alonso,1462.68,97.45000000000005,-281.6399999999999,1
2025,5,alonso,1407.81,-54.87000000000012,-359.20000000000005,-1
2026,1,alonso,1477.22,69.41000000000008,-257.9100000000001,1
2025,1,antonelli,1450.0,,,0
2025,2,antonelli,1669.42,219.42000000000007,,1
2025,3,antonelli,1730.46,61.039999999999964,,1
2025,4,antonelli,1762.88,32.42000000000007,,1
2025,5,antonelli,1652.72,-110.16000000000008,,-1
2026,1,antonelli,1703.63,50.91000000000008,253.6300000000001,1
2026,1,arvid_lindblad,1450.0,,,0
2024,2,bearman,1450.0,,,0
2025,1,bearman,1568.67,118.67000000000007,,1
2025,2,bearman,1484.55,-84.12000000000012,,-1
2025,3,bearman,1595.91,111.36000000000013,,1
2025,4,bearman,1596.97,1.0599999999999454,,1
2025,5,bearman,1592.01,-4.960000000000036,142.01,-1
2026,1,bearman,1514.33,-77.68000000000006,-54.340000000000146,-1
2025,1,bortoleto,1450.0,,,0
2025,2,bortoleto,1379.61,-70.3900000000001,,-1
2025,3,bortoleto,1392.76,13.150000000000091,,1
2025,4,bortoleto,1268.07,-124.69000000000005,,-1
2025,5,bortoleto,1220.92,-47.149999999999864,,-1
2026,1,bortoleto,1215.85,-5.070000000000164,-234.1500000000001,-1
2016,1,bottas,1450.0,,,0
2016,2,bottas,1532.21,82.21000000000004,,1
2016,3,bottas,1551.52,19.309999999999945,,1
2016,4,bottas,1534.45,-17.069999999999936,,-1
2016,5,bottas,1666.02,131.56999999999994,,1
2017,1,bottas,1622.87,-43.15000000000009,172.8699999999999,-1
2017,2,bottas,1725.11,102.24000000000001,192.89999999999986,1
2017,3,bottas,1716.31,-8.799999999999955,164.78999999999996,-1
2017,4,bottas,1791.29,74.98000000000002,256.8399999999999,1
2017,5,bottas,1889.6,98.30999999999995,223.57999999999993,1
2018,1,bottas,1509.28,-380.31999999999994,-113.58999999999992,-1
2018,2,bottas,1556.59,47.309999999999945,-168.51999999999998,1
2018,3,bottas,1722.56,165.97000000000003,6.25,1
2018,4,bottas,1812.68,90.12000000000012,21.3900000000001,1
2018,5,bottas,1553.53,-259.1500000000001,-336.06999999999994,-1
2019,1,bottas,1698.69,145.16000000000008,189.41000000000008,1
2019,2,bottas,1825.57,126.87999999999988,268.98,1
2019,3,bottas,1888.41,62.840000000000146,165.85000000000014,1
2019,4,bottas,1938.45,50.039999999999964,125.76999999999998,1
2019,5,bottas,2005.96,67.50999999999999,452.43000000000006,1
2020,1,bottas,1981.09,-24.87000000000012,282.39999999999986,-1
2020,2,bottas,2039.84,58.75,214.26999999999998,1
2020,3,bottas,2053.46,13.620000000000118,165.04999999999995,1
2020,4,bottas,2032.03,-21.430000000000064,93.57999999999993,-1
2020,5,bottas,1783.14,-248.88999999999987,-222.81999999999994,-1
2021,1,bottas,1806.5,23.3599999999999,-174.58999999999992,1
2021,2,bottas,1862.11,55.6099999999999,-177.73000000000002,1
2021,3,bottas,1493.59,-368.52,-559.8700000000001,-1
2021,4,bottas,1685.82,192.23000000000002,-346.21000000000004,1
2021,5,bottas,1800.21,114.3900000000001,17.069999999999936,1
2022,1,bottas,1440.07,-360.1400000000001,-366.43000000000006,-1
2022,2,bottas,1603.29,163.22000000000003,-258.81999999999994,1
2022,3,bottas,1460.93,-142.3599999999999,-32.659999999999854,-1
2022,4,bottas,1575.42,114.49000000000001,-110.39999999999986,1
2022,5,bottas,1693.32,117.89999999999986,-106.8900000000001,1
2023,1,bottas,1687.06,-6.259999999999991,246.99,-1
2023,2,bottas,1682.6,-4.460000000000036,79.30999999999995,-1
2023,3,bottas,1417.28,-265.31999999999994,-43.65000000000009,-1
2023,4,bottas,1473.21,55.930000000000064,-102.21000000000004,1
2023,5,bottas,1325.17,-148.03999999999996,-368.14999999999986,-1
2024,1,bottas,1389.23,64.05999999999995,-297.8299999999999,1
2024,2,bottas,1258.2,-131.02999999999997,-424.39999999999986,-1
2024,3,bottas,1224.57,-33.63000000000011,-192.71000000000004,-1
2024,4,bottas,1276.8,52.23000000000002,-196.41000000000008,1
2024,5,bottas,1324.99,48.190000000000055,-0.18000000000006366,1
2026,1,bottas,1240.8,-84.19000000000005,-148.43000000000006,-1
2018,1,brendon_hartley,1450.0,,,0
2018,2,brendon_hartley,1363.85,-86.15000000000009,,-1
2018,3,brendon_hartley,1266.55,-97.29999999999995,,-1
2018,4,brendon_hartley,1141.62,-124.93000000000006,,-1
2018,5,brendon_hartley,1331.65,190.0300000000002,,1
2016,1,button,1450.0,,,0
2016,2,button,1399.34,-50.66000000000008,,-1
2016,3,button,1231.53,-167.80999999999995,,-1
2016,4,button,1319.93,88.40000000000009,,1
2016,5,button,1426.04,106.1099999999999,,1
2026,1,colapinto,1450.0,,,0
2023,1,de_vries,1450.0,,,0
2023,2,de_vries,1425.73,-24.269999999999982,,-1
2023,3,de_vries,1407.43,-18.299999999999955,,-1
2023,4,de_vries,1374.78,-32.65000000000009,,-1
2023,5,de_vries,1223.61,-151.17000000000007,,-1
2025,1,doohan,1450.0,,,0
2025,2,doohan,1309.48,-140.51999999999998,,-1
2025,3,doohan,1384.16,74.68000000000006,,1
2025,4,doohan,1367.27,-16.8900000000001,,-1
2025,5,doohan,1385.8,18.529999999999973,,1
2016,1,ericsson,1450.0,,,0
2016,2,ericsson,1328.65,-121.34999999999991,,-1
2016,3,ericsson,1401.74,73.08999999999992,,1
2016,4,ericsson,1320.07,-81.67000000000007,,-1
2016,5,ericsson,1331.35,11.279999999999973,,1
2017,1,ericsson,1261.75,-69.59999999999991,-188.25,-1
2017,2,ericsson,1197.17,-64.57999999999993,-131.48000000000002,-1
2017,3,ericsson,1230.88,33.710000000000036,-170.8599999999999,1
2017,4,ericsson,1241.03,10.149999999999864,-79.03999999999996,1
2017,5,ericsson,1241.99,0.9600000000000364,-89.3599999999999,1
2018,1,ericsson,1365.24,123.25,103.49000000000001,1
2018,2,ericsson,1219.83,-145.41000000000008,22.659999999999854,-1
2018,3,ericsson,1399.45,179.62000000000012,168.56999999999994,1
2018,4,ericsson,1314.86,-84.59000000000015,73.82999999999993,-1
2018,5,ericsson,1394.49,79.63000000000011,152.5,1
2018,1,gasly,1450.0,,,0
2018,2,gasly,1285.76,-164.24,,-1
2018,3,gasly,1549.2,263.44000000000005,,1
2018,4,gasly,1330.48,-218.72000000000003,,-1
2018,5,gasly,1375.89,45.41000000000008,,1
2019,1,gasly,1251.93,-123.96000000000004,-198.06999999999994,-1
2019,2,gasly,1374.47,122.53999999999996,88.71000000000004,1
2019,3,gasly,1500.76,126.28999999999996,-48.440000000000055,1
2019,4,gasly,1612.08,111.31999999999994,281.5999999999999,1
2019,5,gasly,1380.15,-231.92999999999984,4.259999999999991,-1
2020,1,gasly,1539.06,158.90999999999985,287.1299999999999,1
2020,2,gasly,1607.98,68.92000000000007,233.51,1
2020,3,gasly,1437.63,-170.3499999999999,-63.12999999999988,-1
2020,4,gasly,1231.74,-205.8900000000001,-380.3399999999999,-1
2020,5,gasly,1438.59,206.8499999999999,58.43999999999983,1
2021,1,gasly,1456.02,17.430000000000064,-83.03999999999996,1
2021,2,gasly,1328.55,-127.47000000000003,-279.43000000000006,-1
2021,3,gasly,1510.02,181.47000000000003,72.38999999999987,1
2021,4,gasly,1533.85,23.829999999999927,302.1099999999999,1
2021,5,gasly,1548.48,14.63000000000011,109.8900000000001,1
2022,1,gasly,1638.21,89.73000000000002,182.19000000000005,1
2022,2,gasly,1351.39,-286.81999999999994,22.840000000000146,-1
2022,3,gasly,1510.43,159.03999999999996,0.41000000000008185,1
2022,4,gasly,1573.97,63.539999999999964,40.12000000000012,1
2022,5,gasly,1522.76,-51.210000000000036,-25.720000000000027,-1
2023,1,gasly,1359.52,-163.24,-278.69000000000005,-1
2023,2,gasly,1507.54,148.01999999999998,156.14999999999986,1
2023,3,gasly,1573.3,65.75999999999999,62.86999999999989,1
2023,4,gasly,1499.72,-73.57999999999993,-74.25,-1
2023,5,gasly,1439.41,-60.309999999999945,-83.34999999999991,-1
2024,1,gasly,1550.86,111.44999999999982,191.33999999999992,1
2024,2,gasly,1363.16,-187.69999999999982,-144.37999999999988,-1
2024,3,gasly,1202.31,-160.85000000000014,-370.99,-1
2024,4,gasly,1292.65,90.34000000000015,-207.06999999999994,1
2024,5,gasly,1278.5,-14.150000000000091,-160.91000000000008,-1
2025,1,gasly,1357.26,78.75999999999999,-193.5999999999999,1
2025,2,gasly,1465.24,107.98000000000002,102.07999999999993,1
2025,3,gasly,1284.46,-180.77999999999997,82.15000000000009,-1
2025,4,gasly,1367.11,82.64999999999986,74.45999999999981,1
2025,5,gasly,1549.87,182.76,271.3699999999999,1
2026,1,gasly,1326.97,-222.89999999999986,-30.289999999999964,-1
2017,1,giovinazzi,1450.0,,,0
2017,2,giovinazzi,1435.68,-14.319999999999936,,-1
2019,1,giovinazzi,1296.35,-139.33000000000015,,-1
2019,2,giovinazzi,1296.5,0.15000000000009095,,1
2019,3,giovinazzi,1388.37,91.86999999999989,,1
2019,4,giovinazzi,1329.01,-59.3599999999999,-120.99000000000001,-1
2019,5,giovinazzi,1373.95,44.940000000000055,-61.73000000000002,1
2020,1,giovinazzi,1311.74,-62.210000000000036,15.3900000000001,-1
2020,2,giovinazzi,1446.89,135.1500000000001,150.3900000000001,1
2020,3,giovinazzi,1389.84,-57.05000000000018,1.4700000000000273,-1
2020,4,giovinazzi,1291.41,-98.42999999999984,-37.59999999999991,-1
2020,5,giovinazzi,1311.65,20.24000000000001,-62.299999999999955,1
2021,1,giovinazzi,1263.79,-47.86000000000013,-47.950000000000045,-1
2021,2,giovinazzi,1360.45,96.66000000000008,-86.44000000000005,1
2021,3,giovinazzi,1358.0,-2.4500000000000455,-31.839999999999918,-1
2021,4,giovinazzi,1407.04,49.039999999999964,115.62999999999988,1
2021,5,giovinazzi,1347.36,-59.680000000000064,35.70999999999981,-1
2016,1,grosjean,1450.0,,,0
2016,2,grosjean,1574.15,124.15000000000009,,1
2016,3,grosjean,1659.18,85.02999999999997,,1
2016,4,grosjean,1352.05,-307.1300000000001,,-1
2017,1,grosjean,1488.95,136.9000000000001,,1
2017,2,grosjean,1251.24,-237.71000000000004,-198.76,-1
2017,3,grosjean,1364.94,113.70000000000005,-209.21000000000004,1
2017,4,grosjean,1489.71,124.76999999999998,-169.47000000000003,1
2017,5,grosjean,1264.13,-225.57999999999993,-87.91999999999985,-1
2018,1,grosjean,1399.49,135.3599999999999,-89.46000000000004,1
2018,2,grosjean,1315.55,-83.94000000000005,64.30999999999995,-1
2018,3,grosjean,1348.8,33.25,-16.1400000000001,1
2018,4,grosjean,1264.12,-84.68000000000006,-225.59000000000015,-1
2018,5,grosjean,1271.99,7.870000000000118,7.8599999999999,1
2019,1,grosjean,1228.57,-43.42000000000007,-170.92000000000007,-1
2019,2,grosjean,1178.73,-49.83999999999992,-136.81999999999994,-1
2019,3,grosjean,1086.66,-92.06999999999994,-262.1399999999999,-1
2019,4,grosjean,1268.31,181.64999999999986,4.190000000000055,1
2019,5,grosjean,1184.6,-83.71000000000004,-87.3900000000001,-1
2020,1,grosjean,1356.71,172.11000000000013,128.1400000000001,1
2020,2,grosjean,1297.18,-59.52999999999997,118.45000000000005,-1
2020,3,grosjean,1345.75,48.569999999999936,259.0899999999999,1
2020,4,grosjean,1296.36,-49.3900000000001,28.049999999999955,-1
2020,5,grosjean,1258.68,-37.679999999999836,74.08000000000015,-1
2016,1,gutierrez,1450.0,,,0
2016,2,gutierrez,1255.14,-194.8599999999999,,-1
2016,3,gutierrez,1193.87,-61.27000000000021,,-1
2016,4,gutierrez,1274.85,80.98000000000002,,1
2016,5,gutierrez,1236.26,-38.58999999999992,,-1
2025,1,hadjar,1450.0,,,0
2025,2,hadjar,1281.82,-168.18000000000006,,-1
2025,3,hadjar,1423.71,141.8900000000001,,1
2025,4,hadjar,1560.21,136.5,,1
2025,5,hadjar,1506.42,-53.789999999999964,,-1
2026,1,hadjar,1545.31,38.88999999999987,95.30999999999995,1
2016,1,hamilton,1450.0,,,0
2016,2,hamilton,1655.18,205.18000000000006,,1
2016,3,hamilton,1740.03,84.84999999999991,,1
2016,4,hamilton,1693.49,-46.539999999999964,,-1
2017,1,hamilton,1766.5,73.00999999999999,,1
2017,2,hamilton,1828.24,61.74000000000001,378.24,1
2017,3,hamilton,1903.5,75.25999999999999,248.31999999999994,1
2017,4,hamilton,1936.35,32.84999999999991,196.31999999999994,1
2017,5,hamilton,1910.73,-25.61999999999989,217.24,-1
2018,1,hamilton,1931.05,20.319999999999936,164.54999999999995,1
2018,2,hamilton,1956.03,24.980000000000018,127.78999999999996,1
2018,3,hamilton,1949.37,-6.660000000000082,45.86999999999989,-1
2018,4,hamilton,1913.53,-35.83999999999992,-22.819999999999936,-1
2018,5,hamilton,1972.22,58.690000000000055,61.49000000000001,1
2019,1,hamilton,1963.21,-9.009999999999991,32.16000000000008,-1
2019,2,hamilton,1978.47,15.259999999999991,22.440000000000055,1
2019,3,hamilton,2023.35,44.87999999999988,73.98000000000002,1
2019,4,hamilton,2064.5,41.15000000000009,150.97000000000003,1
2019,5,hamilton,2074.02,9.519999999999982,101.79999999999995,1
2020,1,hamilton,2053.35,-20.670000000000073,90.13999999999987,-1
2020,2,hamilton,2007.54,-45.809999999999945,29.069999999999936,-1
2020,3,hamilton,2056.27,48.73000000000002,32.92000000000007,1
2020,4,hamilton,2092.27,36.0,27.769999999999982,1
2020,5,hamilton,2123.59,31.320000000000164,49.570000000000164,1
2021,1,hamilton,2055.42,-68.17000000000007,2.0700000000001637,-1
2021,2,hamilton,2091.14,35.7199999999998,83.59999999999991,1
2021,3,hamilton,2097.23,6.0900000000001455,40.960000000000036,1
2021,4,hamilton,2132.83,35.59999999999991,40.559999999999945,1
2021,5,hamilton,2165.41,32.57999999999993,41.81999999999971,1
2022,1,hamilton,1965.95,-199.4599999999998,-89.47000000000003,-1
2022,2,hamilton,1976.71,10.759999999999991,-114.42999999999984,1
2022,3,hamilton,1775.15,-201.55999999999995,-322.0799999999999,-1
2022,4,hamilton,1824.95,49.799999999999955,-307.8799999999999,1
2022,5,hamilton,1616.81,-208.1400000000001,-548.5999999999999,-1
2023,1,hamilton,1673.39,56.580000000000155,-292.55999999999995,1
2023,2,hamilton,1743.68,70.28999999999996,-233.02999999999997,1
2023,3,hamilton,1785.37,41.68999999999983,10.2199999999998,1
2023,4,hamilton,1884.99,99.62000000000012,60.039999999999964,1
2023,5,hamilton,1840.53,-44.460000000000036,223.72000000000003,-1
2024,1,hamilton,1787.93,-52.59999999999991,114.53999999999996,-1
2024,2,hamilton,1762.3,-25.63000000000011,18.61999999999989,-1
2024,3,hamilton,1691.37,-70.93000000000006,-94.0,-1
2024,4,hamilton,1416.57,-274.79999999999995,-468.4200000000001,-1
2024,5,hamilton,1521.28,104.71000000000004,-319.25,1
2025,1,hamilton,1569.42,48.1400000000001,-218.51,1
2025,2,hamilton,1588.54,19.11999999999989,-173.76,1
2025,3,hamilton,1367.12,-221.42000000000007,-324.25,-1
2025,4,hamilton,1557.39,190.2700000000002,140.82000000000016,1
2025,5,hamilton,1691.61,134.2199999999998,170.32999999999993,1
2026,1,hamilton,1701.31,9.700000000000045,131.88999999999987,1
2016,1,haryanto,1450.0,,,0
2016,2,haryanto,1279.95,-170.04999999999995,,-1
2016,3,haryanto,1257.68,-22.269999999999982,,-1
2016,4,haryanto,1132.12,-125.56000000000017,,-1
2016,1,hulkenberg,1450.0,,,0
2016,2,hulkenberg,1553.31,103.30999999999995,,1
2016,3,hulkenberg,1417.31,-136.0,,-1
2016,4,hulkenberg,1350.72,-66.58999999999992,,-1
2017,1,hulkenberg,1205.73,-144.99,,-1
2017,2,hulkenberg,1344.87,139.13999999999987,-105.13000000000011,1
2017,3,hulkenberg,1385.63,40.76000000000022,-167.67999999999984,1
2017,4,hulkenberg,1475.17,89.53999999999996,57.86000000000013,1
2017,5,hulkenberg,1540.69,65.51999999999998,189.97000000000003,1
2018,1,hulkenberg,1614.29,73.59999999999991,408.55999999999995,1
2018,2,hulkenberg,1630.16,15.870000000000118,285.2900000000002,1
2018,3,hulkenberg,1665.9,35.74000000000001,280.27,1
2018,4,hulkenberg,1680.21,14.309999999999945,205.03999999999996,1
2018,5,hulkenberg,1389.98,-290.23,-150.71000000000004,-1
2019,1,hulkenberg,1233.74,-156.24,-380.54999999999995,-1
2019,2,hulkenberg,1463.13,229.3900000000001,-167.02999999999997,1
2019,3,hulkenberg,1321.89,-141.24,-344.01,-1
2019,4,hulkenberg,1164.8,-157.09000000000015,-515.4100000000001,-1
2019,5,hulkenberg,1233.65,68.85000000000014,-156.32999999999993,1
2020,4,hulkenberg,1310.83,77.17999999999984,77.08999999999992,1
2020,5,hulkenberg,1160.58,-150.25,-302.5500000000002,-1
2022,1,hulkenberg,1418.03,257.45000000000005,96.13999999999987,1
2022,2,hulkenberg,1318.06,-99.97000000000003,153.26,-1
2023,1,hulkenberg,1411.55,93.49000000000001,177.89999999999986,1
2023,2,hulkenberg,1381.41,-30.139999999999873,70.58000000000015,-1
2023,3,hulkenberg,1439.91,58.5,279.33000000000015,1
2023,4,hulkenberg,1583.4,143.49,165.37000000000012,1
2023,5,hulkenberg,1400.32,-183.08000000000015,82.25999999999999,-1
2024,1,hulkenberg,1376.42,-23.899999999999864,-35.12999999999988,-1
2024,2,hulkenberg,1329.33,-47.090000000000146,-52.080000000000155,-1
2024,3,hulkenberg,1447.35,118.01999999999998,7.439999999999827,1
2024,4,hulkenberg,1536.17,88.82000000000016,-47.23000000000002,1
2024,5,hulkenberg,1534.29,-1.8800000000001091,133.97000000000003,-1
2025,1,hulkenberg,1553.42,19.13000000000011,177.0,1
2025,2,hulkenberg,1644.82,91.39999999999986,315.49,1
2025,3,hulkenberg,1490.02,-154.79999999999995,42.67000000000007,-1
2025,4,hulkenberg,1392.12,-97.90000000000009,-144.05000000000018,-1
2025,5,hulkenberg,1235.1,-157.01999999999998,-299.19000000000005,-1
2026,1,hulkenberg,1300.53,65.43000000000006,-252.8900000000001,1
2016,1,jolyon_palmer,1450.0,,,0
2016,2,jolyon_palmer,1467.17,17.170000000000073,,1
2016,3,jolyon_palmer,1211.2,-255.97000000000003,,-1
2016,4,jolyon_palmer,1079.31,-131.8900000000001,,-1
2017,1,jolyon_palmer,1263.0,183.69000000000005,,1
2017,2,jolyon_palmer,1168.7,-94.29999999999995,-281.29999999999995,-1
2017,3,jolyon_palmer,1266.45,97.75,-200.72000000000003,1
2017,4,jolyon_palmer,1313.77,47.319999999999936,102.56999999999994,1
2017,5,jolyon_palmer,1204.6,-109.17000000000007,125.28999999999996,-1
2016,1,kevin_magnussen,1450.0,,,0
2016,2,kevin_magnussen,1444.88,-5.119999999999891,,-1
2016,3,kevin_magnussen,1472.28,27.399999999999864,,1
2016,4,kevin_magnussen,1325.31,-146.97000000000003,,-1
2017,1,kevin_magnussen,1499.49,174.18000000000006,,1
2017,2,kevin_magnussen,1385.61,-113.88000000000011,-64.3900000000001,-1
2017,3,kevin_magnussen,1502.19,116.58000000000015,57.309999999999945,1
2017,4,kevin_magnussen,1275.24,-226.95000000000005,-197.03999999999996,-1
2017,5,kevin_magnussen,1315.69,40.450000000000045,-9.61999999999989,1
2018,1,kevin_magnussen,1329.25,13.559999999999945,-170.24,1
2018,2,kevin_magnussen,1255.3,-73.95000000000005,-130.30999999999995,-1
2018,3,kevin_magnussen,1509.52,254.22000000000003,7.329999999999927,1
2018,4,kevin_magnussen,1515.87,6.349999999999909,240.62999999999988,1
2018,5,kevin_magnussen,1436.23,-79.63999999999987,120.53999999999996,-1
2019,1,kevin_magnussen,1562.99,126.75999999999999,233.74,1
2019,2,kevin_magnussen,1643.44,80.45000000000005,388.1400000000001,1
2019,3,kevin_magnussen,1506.65,-136.78999999999996,-2.869999999999891,-1
2019,4,kevin_magnussen,1439.38,-67.26999999999998,-76.48999999999978,-1
2019,5,kevin_magnussen,1404.13,-35.25,-32.09999999999991,-1
2020,1,kevin_magnussen,1528.46,124.32999999999993,-34.52999999999997,1
2020,2,kevin_magnussen,1352.07,-176.3900000000001,-291.3700000000001,-1
2020,3,kevin_magnussen,1398.83,46.75999999999999,-107.82000000000016,1
2020,4,kevin_magnussen,1469.14,70.31000000000017,29.75999999999999,1
2020,5,kevin_magnussen,1265.57,-203.57000000000016,-138.56000000000017,-1
2022,1,kevin_magnussen,1199.27,-66.29999999999995,-329.19000000000005,-1
2022,2,kevin_magnussen,1508.68,309.4100000000001,156.61000000000013,1
2022,3,kevin_magnussen,1559.75,51.069999999999936,160.92000000000007,1
2022,4,kevin_magnussen,1467.62,-92.13000000000011,-1.5200000000002092,-1
2022,5,kevin_magnussen,1546.27,78.65000000000009,280.70000000000005,1
2023,1,kevin_magnussen,1414.28,-131.99,215.01,-1
2023,2,kevin_magnussen,1434.97,20.690000000000055,-73.71000000000004,1
2023,3,kevin_magnussen,1514.91,79.94000000000005,-44.83999999999992,1
2023,4,kevin_magnussen,1371.39,-143.51999999999998,-96.22999999999979,-1
2023,5,kevin_magnussen,1403.78,32.38999999999987,-142.49,1
2024,1,kevin_magnussen,1489.56,85.77999999999997,75.27999999999997,1
2024,2,kevin_magnussen,1487.64,-1.9199999999998454,52.67000000000007,-1
2024,3,kevin_magnussen,1475.68,-11.960000000000036,-39.23000000000002,-1
2024,4,kevin_magnussen,1525.39,49.710000000000036,154.0,1
2024,5,kevin_magnussen,1480.41,-44.98000000000002,76.63000000000011,-1
2019,1,kubica,1450.0,,,0
2019,2,kubica,1317.74,-132.26,,-1
2019,3,kubica,1276.8,-40.940000000000055,,-1
2019,4,kubica,1218.16,-58.63999999999987,,-1
2019,5,kubica,1208.15,-10.009999999999991,,-1
2016,1,kvyat,1450.0,,,0
2016,2,kvyat,1204.62,-245.3800000000001,,-1
2016,3,kvyat,1459.18,254.56000000000017,,1
2016,4,kvyat,1641.26,182.07999999999993,,1
2016,5,kvyat,1445.64,-195.6199999999999,,-1
2017,1,kvyat,1379.5,-66.1400000000001,-70.5,-1
2017,2,kvyat,1480.23,100.73000000000002,275.6100000000001,1
2017,3,kvyat,1319.94,-160.28999999999996,-139.24,-1
2017,4,kvyat,1367.42,47.48000000000002,-273.8399999999999,1
2017,5,kvyat,1388.1,20.679999999999836,-57.54000000000019,1
2019,1,kvyat,1480.22,92.12000000000012,100.72000000000003,1
2019,2,kvyat,1507.64,27.420000000000073,27.410000000000082,1
2019,3,kvyat,1466.14,-41.5,146.20000000000005,-1
2019,4,kvyat,1263.08,-203.06000000000017,-104.34000000000015,-1
2019,5,kvyat,1153.55,-109.52999999999997,-234.54999999999995,-1
2020,1,kvyat,1365.94,212.3900000000001,-114.27999999999997,1
2020,2,kvyat,1405.27,39.32999999999993,-102.37000000000012,1
2020,3,kvyat,1474.27,69.0,8.129999999999882,1
2020,4,kvyat,1456.24,-18.029999999999973,193.16000000000008,-1
2020,5,kvyat,1284.92,-171.31999999999994,131.37000000000012,-1
2020,1,latifi,1450.0,,,0
2020,2,latifi,1470.1,20.09999999999991,,1
2020,3,latifi,1324.26,-145.83999999999992,,-1
2020,4,latifi,1202.6,-121.66000000000008,,-1
2020,5,latifi,1235.46,32.86000000000013,,1
2021,1,latifi,1176.36,-59.100000000000136,-273.6400000000001,-1
2021,2,latifi,1149.66,-26.699999999999818,-320.4399999999998,-1
2021,3,latifi,1072.99,-76.67000000000007,-251.26999999999998,-1
2021,4,latifi,1071.33,-1.6600000000000819,-131.26999999999998,-1
2021,5,latifi,1119.9,48.570000000000164,-115.55999999999995,1
2022,1,latifi,1214.26,94.3599999999999,37.90000000000009,1
2022,2,latifi,1238.95,24.690000000000055,89.28999999999996,1
2022,3,latifi,1202.08,-36.87000000000012,129.08999999999992,-1
2022,4,latifi,1230.17,28.090000000000146,158.84000000000015,1
2022,5,latifi,1254.57,24.399999999999864,134.66999999999985,1
2025,1,lawson,1450.0,,,0
2025,2,lawson,1405.95,-44.049999999999955,,-1
2025,3,lawson,1459.87,53.919999999999845,,1
2025,4,lawson,1352.08,-107.78999999999996,,-1
2025,5,lawson,1324.73,-27.34999999999991,,-1
2026,1,lawson,1414.21,89.48000000000002,-35.789999999999964,1
2018,1,leclerc,1450.0,,,0
2018,2,leclerc,1415.64,-34.3599999999999,,-1
2018,3,leclerc,1420.39,4.75,,1
2018,4,leclerc,1247.67,-172.72000000000003,,-1
2018,5,leclerc,1485.93,238.26,,1
2019,1,leclerc,1505.68,19.75,55.680000000000064,1
2019,2,leclerc,1638.99,133.30999999999995,223.3499999999999,1
2019,3,leclerc,1749.74,110.75,329.3499999999999,1
2019,4,leclerc,1773.78,24.039999999999964,526.1099999999999,1
2019,5,leclerc,1791.37,17.589999999999918,305.4399999999998,1
2020,1,leclerc,1775.06,-16.309999999999945,269.3799999999999,-1
2020,2,leclerc,1868.57,93.50999999999999,229.57999999999993,1
2020,3,leclerc,1458.08,-410.49,-291.6600000000001,-1
2020,4,leclerc,1472.71,14.63000000000011,-301.06999999999994,1
2020,5,leclerc,1658.16,185.45000000000005,-133.2099999999998,1
2021,1,leclerc,1716.39,58.23000000000002,-58.669999999999845,1
2021,2,leclerc,1735.66,19.269999999999982,-132.90999999999985,1
2021,3,leclerc,1801.55,65.88999999999987,343.47,1
2021,4,leclerc,1789.73,-11.819999999999936,317.02,-1
2021,5,leclerc,1838.83,49.09999999999991,180.66999999999985,1
2022,1,leclerc,1436.63,-402.1999999999998,-279.76,-1
2022,2,leclerc,1717.93,281.29999999999995,-17.730000000000018,1
2022,3,leclerc,1825.92,107.99000000000001,24.37000000000012,1
2022,4,leclerc,1927.66,101.74000000000001,137.93000000000006,1
2022,5,leclerc,1861.24,-66.42000000000007,22.410000000000082,-1
2023,1,leclerc,1882.39,21.15000000000009,445.76,1
2023,2,leclerc,1485.93,-396.46000000000004,-232.0,-1
2023,3,leclerc,1612.5,126.56999999999994,-213.42000000000007,1
2023,4,leclerc,1340.69,-271.80999999999995,-586.97,-1
2023,5,leclerc,1612.41,271.72,-248.82999999999993,1
2024,1,leclerc,1652.12,39.70999999999981,-230.2700000000002,1
2024,2,leclerc,1760.99,108.87000000000012,275.05999999999995,1
2024,3,leclerc,1841.9,80.91000000000008,229.4000000000001,1
2024,4,leclerc,1934.13,92.23000000000002,593.44,1
2024,5,leclerc,1931.77,-2.3600000000001273,319.3599999999999,-1
2025,1,leclerc,1893.58,-38.190000000000055,241.46000000000004,-1
2025,2,leclerc,1794.22,-99.3599999999999,33.23000000000002,-1
2025,3,leclerc,1480.19,-314.03,-361.71000000000004,-1
2025,4,leclerc,1676.33,196.13999999999987,-257.8000000000002,1
2025,5,leclerc,1780.95,104.62000000000012,-150.81999999999994,1
2026,1,leclerc,1832.69,51.74000000000001,-60.88999999999987,1
2016,1,massa,1450.0,,,0
2016,2,massa,1594.73,144.73000000000002,,1
2016,3,massa,1598.48,3.75,,1
2016,4,massa,1644.44,45.960000000000036,,1
2016,5,massa,1698.74,54.299999999999955,,1
2017,1,massa,1568.4,-130.33999999999992,118.40000000000009,-1
2017,2,massa,1634.05,65.64999999999986,39.319999999999936,1
2017,3,massa,1466.14,-167.90999999999985,-132.33999999999992,-1
2017,4,massa,1586.89,120.75,-57.549999999999955,1
2017,5,massa,1573.74,-13.150000000000091,-125.0,-1
2016,1,max_verstappen,1450.0,,,0
2016,2,max_verstappen,1489.15,39.15000000000009,,1
2016,3,max_verstappen,1601.53,112.37999999999988,,1
2016,4,max_verstappen,1603.85,2.3199999999999363,,1
2016,5,max_verstappen,1325.87,-277.98,,-1
2017,1,max_verstappen,1520.49,194.62000000000012,70.49000000000001,1
2017,2,max_verstappen,1634.36,113.86999999999989,145.2099999999998,1
2017,3,max_verstappen,1738.22,103.86000000000013,136.69000000000005,1
2017,4,max_verstappen,1405.53,-332.69000000000005,-198.31999999999994,-1
2017,5,max_verstappen,1573.77,168.24,247.9000000000001,1
2018,1,max_verstappen,1322.53,-251.24,-197.96000000000004,-1
2018,2,max_verstappen,1513.03,190.5,-121.32999999999993,1
2018,3,max_verstappen,1284.86,-228.17000000000007,-453.3600000000001,-1
2018,4,max_verstappen,1513.74,228.8800000000001,108.21000000000004,1
2018,5,max_verstappen,1363.93,-149.80999999999995,-209.83999999999992,-1
2019,1,max_verstappen,1590.75,226.81999999999994,268.22,1
2019,2,max_verstappen,1722.89,132.1400000000001,209.86000000000013,1
2019,3,max_verstappen,1774.37,51.47999999999979,489.51,1
2019,4,max_verstappen,1813.09,38.72000000000003,299.3499999999999,1
2019,5,max_verstappen,1841.67,28.580000000000155,477.74,1
2020,1,max_verstappen,1851.18,9.509999999999991,260.43000000000006,1
2020,2,max_verstappen,1423.84,-427.34000000000015,-299.0500000000002,-1
2020,3,max_verstappen,1649.39,225.55000000000018,-124.97999999999979,1
2020,4,max_verstappen,1777.96,128.56999999999994,-35.12999999999988,1
2020,5,max_verstappen,1862.4,84.44000000000005,20.730000000000018,1
2021,1,max_verstappen,1898.4,36.0,47.22000000000003,1
2021,2,max_verstappen,1947.6,49.19999999999982,523.76,1
2021,3,max_verstappen,2015.64,68.04000000000019,366.25,1
2021,4,max_verstappen,2041.6,25.95999999999981,263.6399999999999,1
2021,5,max_verstappen,2065.53,23.93000000000029,203.1300000000001,1
2022,1,max_verstappen,2055.72,-9.8100000000004,157.3199999999997,-1
2022,2,max_verstappen,1577.76,-477.9599999999998,-369.8399999999999,-1
2022,3,max_verstappen,1771.8,194.03999999999996,-243.84000000000015,1
2022,4,max_verstappen,1452.17,-319.6299999999999,-589.4299999999998,-1
2022,5,max_verstappen,1715.16,262.99,-350.3700000000001,1
2023,1,max_verstappen,1824.13,108.97000000000003,-231.5899999999997,1
2023,2,max_verstappen,1925.51,101.37999999999988,347.75,1
2023,3,max_verstappen,1968.96,43.450000000000045,197.16000000000008,1
2023,4,max_verstappen,2032.42,63.460000000000036,580.25,1
2023,5,max_verstappen,2051.19,18.769999999999982,336.03,1
2024,1,max_verstappen,2038.03,-13.160000000000082,213.89999999999986,-1
2024,2,max_verstappen,2086.55,48.52000000000021,161.0400000000002,1
2024,3,max_verstappen,2123.96,37.409999999999854,155.0,1
2024,4,max_verstappen,1628.15,-495.80999999999995,-404.27,-1
2024,5,max_verstappen,1812.07,183.91999999999985,-239.12000000000012,1
2025,1,max_verstappen,1892.1,80.02999999999997,-145.93000000000006,1
2025,2,max_verstappen,1954.42,62.320000000000164,-132.1300000000001,1
2025,3,max_verstappen,1941.98,-12.440000000000055,-181.98000000000002,-1
2025,4,max_verstappen,2015.92,73.94000000000005,387.77,1
2025,5,max_verstappen,1937.25,-78.67000000000007,125.18000000000006,-1
2026,1,max_verstappen,1947.25,10.0,55.15000000000009,1
2021,1,mazepin,1450.0,,,0
2021,2,mazepin,1246.09,-203.91000000000008,,-1
2021,3,mazepin,1214.48,-31.6099999999999,,-1
2021,4,mazepin,1134.43,-80.04999999999995,,-1
2021,5,mazepin,1077.47,-56.960000000000036,,-1
2021,1,mick_schumacher,1450.0,,,0
2021,2,mick_schumacher,1351.31,-98.69000000000005,,-1
2021,3,mick_schumacher,1300.18,-51.12999999999988,,-1
2021,4,mick_schumacher,1244.04,-56.1400000000001,,-1
2021,5,mick_schumacher,1174.91,-69.12999999999988,,-1
2022,1,mick_schumacher,1166.08,-8.830000000000155,-283.9200000000001,-1
2022,2,mick_schumacher,1336.08,170.0,-15.230000000000018,1
2022,3,mick_schumacher,1201.12,-134.96000000000004,-99.06000000000017,-1
2022,4,mick_schumacher,1313.64,112.52000000000021,69.60000000000014,1
2022,5,mick_schumacher,1273.69,-39.950000000000045,98.77999999999997,-1
2016,1,nasr,1450.0,,,0
2016,2,nasr,1376.1,-73.90000000000009,,-1
2016,3,nasr,1371.81,-4.289999999999964,,-1
2016,4,nasr,1212.47,-159.33999999999992,,-1
2019,1,norris,1450.0,,,0
2019,2,norris,1442.89,-7.1099999999999,,-1
2019,3,norris,1581.31,138.41999999999985,,1
2019,4,norris,1341.51,-239.79999999999995,,-1
2019,5,norris,1474.03,132.51999999999998,,1
2020,1,norris,1259.65,-214.37999999999988,-190.3499999999999,-1
2020,2,norris,1554.1,294.4499999999998,111.20999999999981,1
2020,3,norris,1666.17,112.07000000000016,84.86000000000013,1
2020,4,norris,1521.71,-144.46000000000004,180.20000000000005,-1
2020,5,norris,1636.89,115.18000000000006,162.86000000000013,1
2021,1,norris,1592.29,-44.600000000000136,332.6399999999999,-1
2021,2,norris,1715.5,123.21000000000004,161.4000000000001,1
2021,3,norris,1814.08,98.57999999999993,147.90999999999985,1
2021,4,norris,1821.72,7.6400000000001,300.01,1
2021,5,norris,1755.22,-66.5,118.32999999999993,-1
2022,1,norris,1814.54,59.319999999999936,222.25,1
2022,2,norris,1552.67,-261.8699999999999,-162.82999999999993,-1
2022,3,norris,1628.97,76.29999999999995,-185.1099999999999,1
2022,4,norris,1727.13,98.16000000000008,-94.58999999999992,1
2022,5,norris,1817.19,90.05999999999995,61.97000000000003,1
2023,1,norris,1455.84,-361.35000000000014,-358.70000000000005,-1
2023,2,norris,1347.25,-108.58999999999992,-205.42000000000007,-1
2023,3,norris,1287.55,-59.700000000000045,-341.4200000000001,-1
2023,4,norris,1534.93,247.3800000000001,-192.20000000000005,1
2023,5,norris,1581.02,46.08999999999992,-236.17000000000007,1
2024,1,norris,1407.39,-173.62999999999988,-48.44999999999982,-1
2024,2,norris,1585.81,178.41999999999985,238.55999999999995,1
2024,3,norris,1621.88,36.070000000000164,334.33000000000015,1
2024,4,norris,1776.06,154.17999999999984,241.12999999999988,1
2024,5,norris,1809.42,33.36000000000013,228.4000000000001,1
2024,6,norris,1908.22,98.79999999999995,500.8299999999999,1
2025,1,norris,1867.39,-40.82999999999993,281.58000000000015,-1
2025,2,norris,1963.3,95.90999999999985,341.41999999999985,1
2025,3,norris,1999.41,36.11000000000013,223.35000000000014,1
2025,4,norris,2030.45,31.039999999999964,221.02999999999997,1
2025,5,norris,2030.54,0.08999999999991815,122.31999999999994,1
2026,1,norris,1956.74,-73.79999999999995,89.34999999999991,-1
2017,1,ocon,1450.0,,,0
2017,2,ocon,1487.29,37.289999999999964,,1
2017,3,ocon,1504.06,16.769999999999982,,1
2017,4,ocon,1508.3,4.240000000000009,,1
2017,5,ocon,1581.47,73.17000000000007,,1
2018,1,ocon,1655.24,73.76999999999998,205.24,1
2018,2,ocon,1530.99,-124.25,43.700000000000045,-1
2018,3,ocon,1518.76,-12.230000000000018,14.700000000000045,-1
2018,4,ocon,1496.87,-21.8900000000001,-11.430000000000064,-1
2018,5,ocon,1286.6,-210.26999999999998,-294.8700000000001,-1
2020,1,ocon,1302.71,16.110000000000127,-352.53,1
2020,2,ocon,1467.93,165.22000000000003,-63.059999999999945,1
2020,3,ocon,1297.84,-170.09000000000015,-220.92000000000007,-1
2020,4,ocon,1324.41,26.570000000000164,-172.4599999999998,1
2020,5,ocon,1511.62,187.2099999999998,225.01999999999998,1
2021,1,ocon,1555.08,43.460000000000036,252.3699999999999,1
2021,2,ocon,1478.21,-76.86999999999989,10.279999999999973,-1
2021,3,ocon,1539.8,61.58999999999992,241.96000000000004,1
2021,4,ocon,1621.67,81.87000000000012,297.26,1
2021,5,ocon,1620.02,-1.650000000000091,108.40000000000009,-1
2022,1,ocon,1610.0,-10.019999999999982,54.92000000000007,-1
2022,2,ocon,1661.2,51.200000000000045,182.99,1
2022,3,ocon,1703.32,42.11999999999989,163.51999999999998,1
2022,4,ocon,1713.28,9.960000000000036,91.6099999999999,1
2022,5,ocon,1541.91,-171.3699999999999,-78.1099999999999,-1
2023,1,ocon,1599.69,57.77999999999997,-10.309999999999945,1
2023,2,ocon,1385.85,-213.84000000000015,-275.35000000000014,-1
2023,3,ocon,1540.11,154.26,-163.21000000000004,1
2023,4,ocon,1460.87,-79.24000000000001,-252.41000000000008,-1
2023,5,ocon,1396.42,-64.44999999999982,-145.49,-1
2024,1,ocon,1508.81,112.38999999999987,-90.88000000000011,1
2024,2,ocon,1368.47,-140.33999999999992,-17.37999999999988,-1
2024,3,ocon,1391.48,23.00999999999999,-148.62999999999988,1
2024,4,ocon,1314.73,-76.75,-146.13999999999987,-1
2024,5,ocon,1318.5,3.769999999999982,-77.92000000000007,1
2025,1,ocon,1425.88,107.38000000000011,-82.92999999999984,1
2025,2,ocon,1444.93,19.049999999999955,76.46000000000004,1
2025,3,ocon,1644.35,199.41999999999985,252.8699999999999,1
2025,4,ocon,1411.39,-232.9599999999998,96.66000000000008,-1
2025,5,ocon,1547.78,136.38999999999987,229.27999999999997,1
2026,1,ocon,1472.83,-74.95000000000005,46.94999999999982,-1
2016,1,perez,1450.0,,,0
2016,2,perez,1422.27,-27.730000000000018,,-1
2016,3,perez,1343.84,-78.43000000000006,,-1
2016,4,perez,1422.42,78.58000000000015,,1
2016,5,perez,1495.83,73.40999999999985,,1
2017,1,perez,1478.01,-17.819999999999936,28.00999999999999,-1
2017,2,perez,1571.05,93.03999999999996,148.77999999999997,1
2017,3,perez,1566.34,-4.710000000000036,222.5,-1
2017,4,perez,1613.76,47.42000000000007,191.33999999999992,1
2017,5,perez,1661.23,47.47000000000003,165.4000000000001,1
2018,1,perez,1716.87,55.63999999999987,238.8599999999999,1
2018,2,perez,1583.12,-133.75,12.069999999999936,-1
2018,3,perez,1388.58,-194.53999999999996,-177.76,-1
2018,4,perez,1413.31,24.730000000000018,-200.45000000000005,1
2018,5,perez,1631.84,218.52999999999997,-29.3900000000001,1
2019,1,perez,1587.66,-44.179999999999836,-129.2099999999998,-1
2019,2,perez,1480.22,-107.44000000000005,-102.89999999999986,-1
2019,3,perez,1503.36,23.139999999999873,114.77999999999997,1
2019,4,perez,1562.35,58.99000000000001,149.03999999999996,1
2019,5,perez,1642.7,80.35000000000014,10.860000000000127,1
2020,1,perez,1452.4,-190.29999999999995,-135.26,-1
2020,2,perez,1587.84,135.43999999999983,107.61999999999989,1
2020,3,perez,1659.96,72.12000000000012,156.60000000000014,1
2021,1,perez,1649.28,-10.680000000000064,86.93000000000006,-1
2021,2,perez,1722.64,73.36000000000013,79.94000000000005,1
2021,3,perez,1611.95,-110.69000000000005,159.54999999999995,-1
2021,4,perez,1727.32,115.36999999999989,139.48000000000002,1
2021,5,perez,1776.4,49.080000000000155,116.44000000000005,1
2022,1,perez,1803.52,27.11999999999989,154.24,1
2022,2,perez,1466.73,-336.78999999999996,-255.91000000000008,-1
2022,3,perez,1654.38,187.6500000000001,42.430000000000064,1
2022,4,perez,1807.31,152.92999999999984,79.99000000000001,1
2022,5,perez,1887.87,80.55999999999995,111.4699999999998,1
2023,1,perez,1849.31,-38.559999999999945,45.789999999999964,-1
2023,2,perez,1917.03,67.72000000000003,450.29999999999995,1
2023,3,perez,1988.45,71.42000000000007,334.06999999999994,1
2023,4,perez,1936.12,-52.330000000000155,128.80999999999995,-1
2023,5,perez,2007.28,71.16000000000008,119.41000000000008,1
2024,1,perez,1983.84,-23.440000000000055,134.52999999999997,-1
2024,2,perez,2019.75,35.91000000000008,102.72000000000003,1
2024,3,perez,2044.45,24.700000000000045,56.0,1
2024,4,perez,1987.32,-57.13000000000011,51.200000000000045,-1
2024,5,perez,2020.06,32.74000000000001,12.779999999999973,1
2026,1,perez,1923.65,-96.40999999999985,-60.18999999999983,-1
2023,1,piastri,1450.0,,,0
2023,2,piastri,1272.38,-177.6199999999999,,-1
2023,3,piastri,1301.93,29.549999999999955,,1
2023,4,piastri,1492.12,190.18999999999983,,1
2023,5,piastri,1514.2,22.080000000000155,,1
2024,1,piastri,1330.78,-183.42000000000007,-119.22000000000003,-1
2024,2,piastri,1501.96,171.18000000000006,229.57999999999993,1
2024,3,piastri,1668.52,166.55999999999995,366.5899999999999,1
2024,4,piastri,1777.71,109.19000000000005,285.59000000000015,1
2024,5,piastri,1734.86,-42.850000000000136,220.65999999999985,-1
2025,1,piastri,1696.65,-38.20999999999981,365.8700000000001,-1
2025,2,piastri,1669.85,-26.800000000000182,167.88999999999987,-1
2025,3,piastri,1840.66,170.81000000000017,172.1400000000001,1
2025,4,piastri,1899.75,59.08999999999992,122.03999999999996,1
2025,5,piastri,1992.35,92.59999999999991,257.49,1
2026,1,piastri,2005.74,13.3900000000001,309.0899999999999,1
2016,1,raikkonen,1450.0,,,0
2016,2,raikkonen,1304.46,-145.53999999999996,,-1
2016,3,raikkonen,1602.56,298.0999999999999,,1
2016,4,raikkonen,1668.58,66.01999999999998,,1
2016,5,raikkonen,1758.76,90.18000000000006,,1
2017,1,raikkonen,1756.02,-2.740000000000009,306.02,-1
2017,2,raikkonen,1774.74,18.720000000000027,470.28,1
2017,3,raikkonen,1767.26,-7.480000000000018,164.70000000000005,-1
2017,4,raikkonen,1797.4,30.1400000000001,128.82000000000016,1
2017,5,raikkonen,1843.44,46.039999999999964,84.68000000000006,1
2018,1,raikkonen,1415.58,-427.8600000000001,-340.44000000000005,-1
2018,2,raikkonen,1626.8,211.22000000000003,-147.94000000000005,1
2018,3,raikkonen,1357.7,-269.0999999999999,-409.55999999999995,-1
2018,4,raikkonen,1589.83,232.12999999999988,-207.57000000000016,1
2018,5,raikkonen,1745.68,155.85000000000014,-97.75999999999999,1
2019,1,raikkonen,1448.81,-296.8700000000001,33.23000000000002,-1
2019,2,raikkonen,1540.6,91.78999999999996,-86.20000000000005,1
2019,3,raikkonen,1606.62,66.01999999999998,248.91999999999985,1
2019,4,raikkonen,1591.68,-14.939999999999827,1.8500000000001364,-1
2019,5,raikkonen,1555.35,-36.330000000000155,-190.33000000000015,-1
2020,1,raikkonen,1433.89,-121.45999999999981,-14.919999999999845,-1
2020,2,raikkonen,1387.98,-45.91000000000008,-152.6199999999999,-1
2020,3,raikkonen,1441.24,53.25999999999999,-165.37999999999988,1
2020,4,raikkonen,1368.28,-72.96000000000004,-223.4000000000001,-1
2020,5,raikkonen,1268.42,-99.8599999999999,-286.92999999999984,-1
2021,1,raikkonen,1292.47,24.049999999999955,-141.42000000000007,1
2021,2,raikkonen,1402.89,110.42000000000007,14.910000000000082,1
2021,3,raikkonen,1405.77,2.8799999999998818,-35.47000000000003,1
2021,4,raikkonen,1214.62,-191.1500000000001,-153.66000000000008,-1
2021,5,raikkonen,1319.77,105.15000000000009,51.34999999999991,1
2016,1,ricciardo,1450.0,,,0
2016,2,ricciardo,1615.08,165.07999999999993,,1
2016,3,ricciardo,1699.04,83.96000000000004,,1
2016,4,ricciardo,1741.35,42.309999999999945,,1
2016,5,ricciardo,1594.11,-147.24,,-1
2017,1,ricciardo,1603.98,9.870000000000118,153.98000000000002,1
2017,2,ricciardo,1380.58,-223.4000000000001,-234.5,-1
2017,3,ricciardo,1584.37,203.78999999999996,-114.67000000000007,1
2017,4,ricciardo,1671.56,87.19000000000005,-69.78999999999996,1
2017,5,ricciardo,1399.81,-271.75,-194.29999999999995,-1
2018,1,ricciardo,1610.1,210.28999999999996,6.119999999999891,1
2018,2,ricciardo,1703.22,93.12000000000012,322.6400000000001,1
2018,3,ricciardo,1343.06,-360.1600000000001,-241.30999999999995,-1
2018,4,ricciardo,1624.5,281.44000000000005,-47.059999999999945,1
2018,5,ricciardo,1388.61,-235.8900000000001,-11.200000000000045,-1
2019,1,ricciardo,1563.76,175.1500000000001,-46.33999999999992,1
2019,2,ricciardo,1313.94,-249.81999999999994,-389.28,-1
2019,3,ricciardo,1221.8,-92.1400000000001,-121.25999999999999,-1
2019,4,ricciardo,1441.04,219.24,-183.46000000000004,1
2019,5,ricciardo,1217.94,-223.0999999999999,-170.66999999999985,-1
2020,1,ricciardo,1327.73,109.78999999999996,-236.02999999999997,1
2020,2,ricciardo,1202.53,-125.20000000000005,-111.41000000000008,-1
2020,3,ricciardo,1423.07,220.53999999999996,201.26999999999998,1
2020,4,ricciardo,1526.1,103.02999999999997,85.05999999999995,1
2020,5,ricciardo,1662.95,136.85000000000014,445.01,1
2021,1,ricciardo,1489.9,-173.04999999999995,162.17000000000007,-1
2021,2,ricciardo,1596.84,106.93999999999983,394.30999999999995,1
2021,3,ricciardo,1674.77,77.93000000000006,251.70000000000005,1
2021,4,ricciardo,1642.24,-32.52999999999997,116.1400000000001,-1
2021,5,ricciardo,1702.94,60.700000000000045,39.99000000000001,1
2022,1,ricciardo,1576.59,-126.35000000000014,86.68999999999983,-1
2022,2,ricciardo,1465.34,-111.25,-131.5,-1
2022,3,ricciardo,1349.65,-115.68999999999983,-325.1199999999999,-1
2022,4,ricciardo,1567.62,217.9699999999998,-74.62000000000012,1
2022,5,ricciardo,1371.42,-196.19999999999982,-331.52,-1
2024,1,ricciardo,1422.39,50.97000000000003,-154.19999999999982,1
2024,2,ricciardo,1429.69,7.2999999999999545,-35.649999999999864,1
2024,3,ricciardo,1341.83,-87.86000000000013,-7.820000000000164,-1
2024,4,ricciardo,1402.1,60.26999999999998,-165.51999999999998,1
2024,5,ricciardo,1252.98,-149.1199999999999,-118.44000000000005,-1
2016,1,rosberg,1450.0,,,0
2016,2,rosberg,1675.0,225.0,,1
2016,3,rosberg,1798.0,123.0,,1
2016,4,rosberg,1878.1,80.09999999999991,,1
2019,1,russell,1450.0,,,0
2019,2,russell,1343.2,-106.79999999999995,,-1
2019,3,russell,1316.79,-26.410000000000082,,-1
2019,4,russell,1266.59,-50.200000000000045,,-1
2019,5,russell,1262.37,-4.220000000000027,,-1
2020,1,russell,1236.13,-26.23999999999978,-213.8699999999999,-1
2020,2,russell,1262.29,26.159999999999854,-80.91000000000008,1
2020,3,russell,1251.29,-11.0,-65.5,-1
2020,4,russell,1191.46,-59.82999999999993,-75.12999999999988,-1
2020,5,russell,1307.79,116.32999999999993,45.42000000000007,1
2021,1,russell,1237.42,-70.36999999999989,1.2899999999999636,-1
2021,2,russell,1294.12,56.69999999999982,31.829999999999927,1
2021,3,russell,1191.61,-102.50999999999999,-59.680000000000064,-1
2021,4,russell,1208.19,16.580000000000155,16.730000000000018,1
2021,5,russell,1262.08,53.88999999999987,-45.710000000000036,1
2022,1,russell,1318.28,56.200000000000045,80.8599999999999,1
2022,2,russell,1596.65,278.3700000000001,302.5300000000002,1
2022,3,russell,1694.14,97.49000000000001,502.5300000000002,1
2022,4,russell,1804.85,110.70999999999981,596.6599999999999,1
2022,5,russell,1837.83,32.98000000000002,575.75,1
2023,1,russell,1800.55,-37.27999999999997,482.27,-1
2023,2,russell,1761.55,-39.0,164.89999999999986,-1
2023,3,russell,1818.32,56.76999999999998,124.17999999999984,1
2023,4,russell,1483.69,-334.6299999999999,-321.15999999999985,-1
2023,5,russell,1580.16,96.47000000000003,-257.66999999999985,1
2024,1,russell,1696.8,116.63999999999987,-103.75,1
2024,2,russell,1762.06,65.25999999999999,0.5099999999999909,1
2024,3,russell,1767.16,5.100000000000136,-51.159999999999854,1
2024,4,russell,1478.09,-289.07000000000016,-5.600000000000136,-1
2024,5,russell,1599.12,121.02999999999997,18.95999999999981,1
2025,1,russell,1671.28,72.16000000000008,-25.519999999999982,1
2025,2,russell,1802.91,131.6300000000001,40.850000000000136,1
2025,3,russell,1872.31,69.39999999999986,105.14999999999986,1
2025,4,russell,1867.31,-5.0,389.22,-1
2025,5,russell,1944.69,77.38000000000011,345.57000000000016,1
2026,1,russell,1881.82,-62.87000000000012,210.53999999999996,-1
2016,1,sainz,1450.0,,,0
2016,2,sainz,1510.83,60.82999999999993,,1
2016,3,sainz,1327.44,-183.38999999999987,,-1
2016,4,sainz,1460.27,132.82999999999993,,1
2016,5,sainz,1445.25,-15.019999999999982,,-1
2017,1,sainz,1474.27,29.019999999999982,24.269999999999982,1
2017,2,sainz,1546.29,72.01999999999998,35.460000000000036,1
2017,3,sainz,1602.78,56.49000000000001,275.3399999999999,1
2017,4,sainz,1394.91,-207.8699999999999,-65.3599999999999,-1
2017,5,sainz,1454.34,59.429999999999836,9.089999999999918,1
2018,1,sainz,1553.27,98.93000000000006,79.0,1
2018,2,sainz,1526.9,-26.36999999999989,-19.389999999999873,-1
2018,3,sainz,1493.76,-33.1400000000001,-109.01999999999998,-1
2018,4,sainz,1531.82,38.059999999999945,136.90999999999985,1
2018,5,sainz,1647.88,116.06000000000017,193.5400000000002,1
2019,1,sainz,1635.62,-12.260000000000218,82.34999999999991,-1
2019,2,sainz,1320.75,-314.8699999999999,-206.1500000000001,-1
2019,3,sainz,1197.54,-123.21000000000004,-296.22,-1
2019,4,sainz,1255.68,58.1400000000001,-276.1399999999999,1
2019,5,sainz,1453.88,198.20000000000005,-194.0,1
2020,1,sainz,1530.06,76.17999999999984,-105.55999999999995,1
2020,2,sainz,1651.23,121.17000000000007,330.48,1
2020,3,sainz,1612.93,-38.299999999999955,415.3900000000001,-1
2020,4,sainz,1594.02,-18.910000000000082,338.3399999999999,-1
2020,5,sainz,1482.9,-111.11999999999989,29.019999999999982,-1
2021,1,sainz,1432.62,-50.2800000000002,-97.44000000000005,-1
2021,2,sainz,1544.65,112.0300000000002,-106.57999999999993,1
2021,3,sainz,1671.12,126.4699999999998,58.18999999999983,1
2021,4,sainz,1591.11,-80.00999999999999,-2.910000000000082,-1
2021,5,sainz,1649.84,58.73000000000002,166.93999999999983,1
2022,1,sainz,1780.01,130.17000000000007,347.3900000000001,1
2022,2,sainz,1881.76,101.75,337.1099999999999,1
2022,3,sainz,1902.52,20.75999999999999,231.4000000000001,1
2022,4,sainz,1464.08,-438.44000000000005,-127.02999999999997,-1
2022,5,sainz,1269.33,-194.75,-380.51,-1
2023,1,sainz,1572.36,303.03,-207.6500000000001,1
2023,2,sainz,1716.52,144.16000000000008,-165.24,1
2023,3,sainz,1748.17,31.65000000000009,-154.3499999999999,1
2023,4,sainz,1604.85,-143.32000000000016,140.76999999999998,-1
2023,5,sainz,1704.47,99.62000000000012,435.1400000000001,1
2024,1,sainz,1737.95,33.48000000000002,165.59000000000015,1
2024,3,sainz,1834.61,96.65999999999985,118.08999999999992,1
2024,4,sainz,1955.21,120.60000000000014,207.03999999999996,1
2024,5,sainz,1971.47,16.25999999999999,366.6200000000001,1
2025,1,sainz,1893.97,-77.5,189.5,-1
2025,2,sainz,1530.2,-363.77,-207.75,-1
2025,3,sainz,1570.46,40.25999999999999,-264.14999999999986,1
2025,4,sainz,1480.65,-89.80999999999995,-474.55999999999995,-1
2025,5,sainz,1306.96,-173.69000000000005,-664.51,-1
2026,1,sainz,1494.28,187.31999999999994,-399.69000000000005,1
2023,1,sargeant,1450.0,,,0
2023,2,sargeant,1477.36,27.3599999999999,,1
2023,3,sargeant,1377.68,-99.67999999999984,,-1
2023,4,sargeant,1333.41,-44.26999999999998,,-1
2023,5,sargeant,1307.06,-26.350000000000136,,-1
2024,1,sargeant,1210.69,-96.36999999999989,-239.30999999999995,-1
2024,2,sargeant,1126.03,-84.66000000000008,-351.3299999999999,-1
2024,4,sargeant,1226.92,100.8900000000001,-150.76,1
2024,5,sargeant,1211.65,-15.269999999999982,-121.75999999999999,-1
2018,1,sirotkin,1450.0,,,0
2018,2,sirotkin,1232.96,-217.03999999999996,,-1
2018,3,sirotkin,1252.65,19.690000000000055,,1
2018,4,sirotkin,1268.45,15.799999999999955,,1
2018,5,sirotkin,1147.15,-121.29999999999995,,-1
2017,1,stroll,1450.0,,,0
2017,2,stroll,1339.52,-110.48000000000002,,-1
2017,3,stroll,1175.21,-164.30999999999995,,-1
2017,4,stroll,1157.57,-17.6400000000001,,-1
2017,5,stroll,1304.47,146.9000000000001,,1
2018,1,stroll,1274.73,-29.74000000000001,-175.26999999999998,-1
2018,2,stroll,1306.7,31.970000000000027,-32.819999999999936,1
2018,3,stroll,1317.69,10.990000000000009,142.48000000000002,1
2018,4,stroll,1329.53,11.839999999999918,171.96000000000004,1
2018,5,stroll,1479.46,149.93000000000006,174.99,1
2019,1,stroll,1481.55,2.089999999999918,206.81999999999994,1
2019,2,stroll,1531.85,50.299999999999955,225.14999999999986,1
2019,3,stroll,1431.72,-100.12999999999988,114.02999999999997,-1
2019,4,stroll,1427.28,-4.440000000000055,97.75,-1
2019,5,stroll,1493.94,66.66000000000008,14.480000000000018,1
2020,1,stroll,1290.68,-203.26,-190.8699999999999,-1
2020,2,stroll,1211.29,-79.3900000000001,-320.55999999999995,-1
2020,3,stroll,1454.81,243.51999999999998,23.089999999999918,1
2020,4,stroll,1631.01,176.20000000000005,203.73000000000002,1
2020,5,stroll,1594.81,-36.200000000000045,100.86999999999989,-1
2021,1,stroll,1641.56,46.75,350.8799999999999,1
2021,2,stroll,1597.4,-44.159999999999854,386.1100000000001,-1
2021,3,stroll,1624.21,26.809999999999945,169.4000000000001,1
2021,4,stroll,1489.41,-134.79999999999995,-141.5999999999999,-1
2021,5,stroll,1499.77,10.3599999999999,-95.03999999999996,1
2022,1,stroll,1574.32,74.54999999999995,-67.24000000000001,1
2022,2,stroll,1511.06,-63.25999999999999,-86.34000000000015,-1
2022,3,stroll,1468.48,-42.57999999999993,-155.73000000000002,-1
2022,4,stroll,1479.91,11.430000000000064,-9.5,1
2022,5,stroll,1527.56,47.649999999999864,27.789999999999964,1
2023,1,stroll,1550.47,22.910000000000082,-23.84999999999991,1
2023,2,stroll,1661.5,111.02999999999997,150.44000000000005,1
2023,3,stroll,1359.83,-301.6700000000001,-108.65000000000009,-1
2023,4,stroll,1612.4,252.57000000000016,132.49,1
2023,5,stroll,1665.86,53.45999999999981,138.29999999999995,1
2024,1,stroll,1562.98,-102.87999999999988,12.509999999999991,-1
2024,2,stroll,1574.38,11.400000000000091,-87.11999999999989,1
2024,3,stroll,1330.98,-243.4000000000001,-28.84999999999991,-1
2024,4,stroll,1546.23,215.25,-66.17000000000007,1
2024,5,stroll,1515.06,-31.170000000000073,-150.79999999999995,-1
2025,1,stroll,1422.21,-92.84999999999991,-140.76999999999998,-1
2025,2,stroll,1607.11,184.89999999999986,32.72999999999979,1
2025,3,stroll,1629.33,22.220000000000027,298.3499999999999,1
2025,4,stroll,1353.12,-276.21000000000004,-193.11000000000013,-1
2025,5,stroll,1297.58,-55.539999999999964,-217.48000000000002,-1
2026,1,stroll,1307.25,9.670000000000073,-114.96000000000004,1
2021,1,tsunoda,1450.0,,,0
2021,2,tsunoda,1528.72,78.72000000000003,,1
2021,3,tsunoda,1492.56,-36.16000000000008,,-1
2021,4,tsunoda,1400.69,-91.86999999999989,,-1
2021,5,tsunoda,1205.38,-195.30999999999995,,-1
2022,1,tsunoda,1236.23,30.84999999999991,-213.76999999999998,1
2022,2,tsunoda,1454.24,218.01,-74.48000000000002,1
2022,3,tsunoda,1288.92,-165.31999999999994,-203.63999999999987,-1
2022,4,tsunoda,1309.78,20.8599999999999,-90.91000000000008,1
2022,5,tsunoda,1519.45,209.67000000000007,314.06999999999994,1
2023,1,tsunoda,1499.95,-19.5,263.72,-1
2023,2,tsunoda,1524.86,24.909999999999854,70.61999999999989,1
2023,3,tsunoda,1532.21,7.350000000000136,243.28999999999996,1
2023,4,tsunoda,1550.84,18.62999999999988,241.05999999999995,1
2023,5,tsunoda,1565.22,14.38000000000011,45.76999999999998,1
2024,1,tsunoda,1539.67,-25.549999999999955,39.72000000000003,-1
2024,2,tsunoda,1461.43,-78.24000000000001,-63.429999999999836,-1
2024,3,tsunoda,1382.79,-78.6400000000001,-149.42000000000007,-1
2024,4,tsunoda,1548.52,165.73000000000002,-2.3199999999999363,1
2024,5,tsunoda,1564.74,16.220000000000027,-0.4800000000000182,1
2025,1,tsunoda,1347.54,-217.20000000000005,-192.1300000000001,-1
2025,2,tsunoda,1433.4,85.86000000000013,-28.029999999999973,1
2025,3,tsunoda,1369.12,-64.2800000000002,-13.670000000000073,-1
2025,4,tsunoda,1438.25,69.13000000000011,-110.26999999999998,1
2025,5,tsunoda,1536.7,98.45000000000005,-28.039999999999964,1
2016,2,vandoorne,1450.0,,,0
2017,1,vandoorne,1497.26,47.25999999999999,,1
2017,2,vandoorne,1432.1,-65.16000000000008,,-1
2017,3,vandoorne,1272.73,-159.3699999999999,,-1
2017,4,vandoorne,1135.69,-137.03999999999996,,-1
2017,5,vandoorne,1211.14,75.45000000000005,-238.8599999999999,1
2018,1,vandoorne,1186.55,-24.590000000000146,-310.71000000000004,-1
2018,2,vandoorne,1377.62,191.06999999999994,-54.48000000000002,1
2018,3,vandoorne,1499.94,122.32000000000016,227.21000000000004,1
2018,4,vandoorne,1439.62,-60.320000000000164,303.92999999999984,-1
2018,5,vandoorne,1506.39,66.77000000000021,295.25,1
2016,1,vettel,1450.0,,,0
2016,2,vettel,1635.22,185.22000000000003,,1
2016,3,vettel,1297.96,-337.26,,-1
2016,4,vettel,1587.01,289.04999999999995,,1
2016,5,vettel,1296.49,-290.52,,-1
2017,1,vettel,1458.5,162.01,8.5,1
2017,2,vettel,1685.18,226.68000000000006,49.960000000000036,1
2017,3,vettel,1790.19,105.00999999999999,492.23,1
2017,4,vettel,1884.89,94.70000000000005,297.8800000000001,1
2017,5,vettel,1927.72,42.82999999999993,631.23,1
2018,1,vettel,1918.07,-9.650000000000091,459.56999999999994,-1
2018,2,vettel,1973.09,55.01999999999998,287.90999999999985,1
2018,3,vettel,2018.09,45.0,227.89999999999986,1
2018,4,vettel,1850.96,-167.12999999999988,-33.930000000000064,-1
2018,5,vettel,1848.28,-2.6800000000000637,-79.44000000000005,-1
2019,1,vettel,1808.95,-39.32999999999993,-109.11999999999989,-1
2019,2,vettel,1821.77,12.819999999999936,-151.31999999999994,1
2019,3,vettel,1809.56,-12.210000000000036,-208.52999999999997,-1
2019,4,vettel,1860.17,50.61000000000013,9.210000000000036,1
2019,5,vettel,1898.75,38.57999999999993,50.47000000000003,1
2020,1,vettel,1862.55,-36.200000000000045,53.59999999999991,-1
2020,2,vettel,1706.9,-155.64999999999986,-114.86999999999989,-1
2020,3,vettel,1358.45,-348.45000000000005,-451.1099999999999,-1
2020,4,vettel,1539.06,180.6099999999999,-321.1100000000001,1
2020,5,vettel,1525.68,-13.379999999999882,-373.06999999999994,-1
2021,1,vettel,1473.12,-52.56000000000017,-389.43000000000006,-1
2021,2,vettel,1387.55,-85.56999999999994,-319.35000000000014,-1
2021,3,vettel,1345.48,-42.069999999999936,-12.970000000000027,-1
2021,4,vettel,1373.72,28.24000000000001,-165.33999999999992,1
2021,5,vettel,1383.73,10.009999999999991,-141.95000000000005,1
2022,3,vettel,1578.37,194.63999999999987,105.25,1
2022,4,vettel,1344.74,-233.62999999999988,-42.809999999999945,-1
2022,5,vettel,1511.31,166.56999999999994,165.82999999999993,1
2016,1,wehrlein,1450.0,,,0
2016,2,wehrlein,1352.53,-97.47000000000003,,-1
2016,3,wehrlein,1386.83,34.299999999999955,,1
2016,4,wehrlein,1265.62,-121.21000000000004,,-1
2017,3,wehrlein,1234.51,-31.1099999999999,,-1
2017,4,wehrlein,1349.98,115.47000000000003,-100.01999999999998,1
2017,5,wehrlein,1271.35,-78.63000000000011,-81.18000000000006,-1
2022,1,zhou,1450.0,,,0
2022,2,zhou,1507.21,57.210000000000036,,1
2022,3,zhou,1517.91,10.700000000000045,,1
2022,4,zhou,1527.58,9.669999999999845,,1
2022,5,zhou,1435.45,-92.12999999999988,,-1
2023,1,zhou,1279.81,-155.6400000000001,-170.19000000000005,-1
2023,2,zhou,1285.34,5.529999999999973,-221.87000000000012,1
2023,3,zhou,1363.85,78.50999999999999,-154.06000000000017,1
2023,4,zhou,1496.36,132.51,-31.220000000000027,1
2023,5,zhou,1310.12,-186.24,-125.33000000000015,-1
2024,1,zhou,1309.56,-0.5599999999999454,29.75,-1
2024,2,zhou,1422.46,112.90000000000009,137.12000000000012,1
2024,3,zhou,1283.91,-138.54999999999995,-79.93999999999983,-1
2024,4,zhou,1282.99,-0.9200000000000728,-213.3699999999999,-1
2024,5,zhou,1215.73,-67.25999999999999,-94.38999999999987,-1
