sim_num,champion,max_points
0,antonelli,289.0
1,antonelli,391.0
2,antonelli,203.0
3,antonelli,383.0
4,antonelli,309.0
5,antonelli,261.0
6,antonelli,273.0
7,antonelli,279.0
8,antonelli,287.0
9,antonelli,305.0
10,antonelli,313.0
11,antonelli,423.0
12,antonelli,347.0
13,antonelli,397.0
14,antonelli,253.0
15,antonelli,331.0
16,antonelli,429.0
17,antonelli,343.0
18,antonelli,291.0
19,antonelli,309.0
20,antonelli,369.0
21,antonelli,255.0
22,antonelli,427.0
23,antonelli,273.0
24,antonelli,383.0
25,antonelli,365.0
26,antonelli,227.0
27,antonelli,181.0
28,antonelli,301.0
29,antonelli,307.0
30,antonelli,263.0
31,antonelli,341.0
32,antonelli,315.0
33,antonelli,299.0
34,antonelli,259.0
35,antonelli,323.0
36,antonelli,303.0
37,antonelli,353.0
38,antonelli,303.0
39,antonelli,365.0
40,antonelli,231.0
41,antonelli,409.0
42,antonelli,281.0
43,antonelli,233.0
44,antonelli,245.0
45,antonelli,385.0
46,antonelli,257.0
47,antonelli,367.0
48,antonelli,301.0
49,antonelli,281.0
50,antonelli,279.0
51,antonelli,303.0
52,antonelli,313.0
53,antonelli,235.0
54,antonelli,233.0
55,antonelli,347.0
56,antonelli,293.0
57,antonelli,337.0
58,antonelli,305.0
59,antonelli,379.0
60,antonelli,173.0
61,antonelli,365.0
62,antonelli,337.0
63,antonelli,261.0
64,antonelli,303.0
65,antonelli,313.0
66,antonelli,299.0
67,antonelli,245.0
68,antonelli,319.0
69,antonelli,281.0
70,antonelli,375.0
71,antonelli,203.0
72,antonelli,409.0
73,antonelli,321.0
74,antonelli,339.0
75,antonelli,259.0
76,antonelli,289.0
77,antonelli,301.0
78,antonelli,237.0
79,antonelli,329.0
80,antonelli,331.0
81,antonelli,309.0
82,antonelli,415.0
83,antonelli,317.0
84,antonelli,301.0
85,antonelli,383.0
86,antonelli,343.0
87,antonelli,463.0
88,antonelli,291.0
89,antonelli,297.0
90,antonelli,367.0
91,antonelli,271.0
92,antonelli,325.0
93,antonelli,363.0
94,antonelli,263.0
95,antonelli,411.0
96,antonelli,327.0
97,antonelli,375.0
98,antonelli,311.0
99,antonelli,291.0
100,antonelli,239.0
101,antonelli,287.0
102,antonelli,249.0
103,antonelli,247.0
104,antonelli,263.0
105,antonelli,381.0
106,antonelli,417.0
107,antonelli,407.0
108,antonelli,279.0
109,antonelli,263.0
110,antonelli,241.0
111,antonelli,269.0
112,antonelli,339.0
113,antonelli,285.0
114,antonelli,341.0
115,antonelli,359.0
116,antonelli,309.0
117,antonelli,333.0
118,antonelli,319.0
119,antonelli,431.0
120,antonelli,385.0
121,antonelli,281.0
122,antonelli,367.0
123,antonelli,251.0
124,antonelli,301.0
125,antonelli,459.0
126,antonelli,269.0
127,antonelli,419.0
128,antonelli,177.0
129,antonelli,397.0
130,antonelli,317.0
131,antonelli,253.0
132,antonelli,259.0
133,antonelli,351.0
134,antonelli,237.0
135,antonelli,321.0
136,antonelli,399.0
137,antonelli,319.0
138,antonelli,267.0
139,antonelli,153.0
140,antonelli,305.0
141,antonelli,359.0
142,antonelli,301.0
143,antonelli,307.0
144,antonelli,281.0
145,antonelli,275.0
146,antonelli,351.0
147,antonelli,347.0
148,antonelli,285.0
149,antonelli,389.0
150,antonelli,269.0
151,antonelli,267.0
152,antonelli,343.0
153,antonelli,345.0
154,antonelli,237.0
155,antonelli,365.0
156,antonelli,335.0
157,antonelli,393.0
158,antonelli,373.0
159,antonelli,297.0
160,antonelli,379.0
161,antonelli,271.0
162,antonelli,317.0
163,antonelli,321.0
164,antonelli,353.0
165,antonelli,305.0
166,antonelli,253.0
167,antonelli,201.0
168,antonelli,317.0
169,antonelli,423.0
170,antonelli,267.0
171,antonelli,347.0
172,antonelli,271.0
173,antonelli,361.0
174,antonelli,351.0
175,antonelli,409.0
176,antonelli,305.0
177,antonelli,333.0
178,antonelli,295.0
179,antonelli,273.0
180,antonelli,253.0
181,antonelli,235.0
182,antonelli,383.0
183,antonelli,227.0
184,antonelli,397.0
185,antonelli,331.0
186,antonelli,225.0
187,antonelli,277.0
188,antonelli,377.0
189,antonelli,239.0
190,antonelli,301.0
191,antonelli,301.0
192,antonelli,293.0
193,antonelli,283.0
194,antonelli,263.0
195,antonelli,395.0
196,antonelli,339.0
197,antonelli,315.0
198,antonelli,315.0
199,antonelli,305.0
200,antonelli,309.0
201,antonelli,319.0
202,antonelli,425.0
203,antonelli,385.0
204,antonelli,283.0
205,antonelli,335.0
206,antonelli,385.0
207,antonelli,317.0
208,antonelli,357.0
209,antonelli,297.0
210,antonelli,203.0
211,antonelli,353.0
212,antonelli,339.0
213,antonelli,389.0
214,antonelli,211.0
215,antonelli,319.0
216,antonelli,381.0
217,antonelli,323.0
218,antonelli,305.0
219,antonelli,309.0
220,antonelli,337.0
221,antonelli,283.0
222,antonelli,363.0
223,antonelli,399.0
224,antonelli,333.0
225,antonelli,249.0
226,antonelli,231.0
227,antonelli,273.0
228,russell,242.0
229,antonelli,371.0
230,antonelli,389.0
231,antonelli,303.0
232,antonelli,271.0
233,antonelli,283.0
234,antonelli,277.0
235,antonelli,353.0
236,antonelli,235.0
237,antonelli,273.0
238,antonelli,295.0
239,antonelli,335.0
240,antonelli,379.0
241,antonelli,299.0
242,antonelli,269.0
243,antonelli,241.0
244,antonelli,299.0
245,antonelli,271.0
246,antonelli,273.0
247,antonelli,241.0
248,antonelli,285.0
249,antonelli,337.0
250,antonelli,255.0
251,antonelli,493.0
252,antonelli,313.0
253,antonelli,205.0
254,antonelli,293.0
255,antonelli,319.0
256,antonelli,291.0
257,antonelli,221.0
258,antonelli,345.0
259,antonelli,305.0
260,antonelli,233.0
261,antonelli,271.0
262,antonelli,261.0
263,antonelli,181.0
264,antonelli,325.0
265,antonelli,327.0
266,antonelli,323.0
267,antonelli,289.0
268,antonelli,325.0
269,antonelli,315.0
270,antonelli,327.0
271,antonelli,349.0
272,antonelli,223.0
273,antonelli,409.0
274,antonelli,317.0
275,antonelli,357.0
276,antonelli,353.0
277,antonelli,229.0
278,antonelli,339.0
279,antonelli,305.0
280,antonelli,345.0
281,antonelli,255.0
282,antonelli,319.0
283,antonelli,179.0
284,antonelli,367.0
285,antonelli,345.0
286,antonelli,375.0
287,antonelli,491.0
288,antonelli,511.0
289,antonelli,337.0
290,antonelli,315.0
291,antonelli,283.0
292,antonelli,375.0
293,antonelli,277.0
294,antonelli,325.0
295,antonelli,341.0
296,antonelli,275.0
297,antonelli,301.0
298,antonelli,313.0
299,antonelli,269.0
300,antonelli,327.0
301,antonelli,323.0
302,antonelli,267.0
303,antonelli,337.0
304,antonelli,249.0
305,antonelli,319.0
306,antonelli,303.0
307,antonelli,265.0
308,antonelli,353.0
309,antonelli,321.0
310,antonelli,293.0
311,antonelli,369.0
312,antonelli,335.0
313,antonelli,381.0
314,antonelli,341.0
315,antonelli,325.0
316,antonelli,371.0
317,antonelli,355.0
318,antonelli,351.0
319,antonelli,345.0
320,antonelli,283.0
321,antonelli,361.0
322,antonelli,307.0
323,antonelli,237.0
324,antonelli,325.0
325,antonelli,297.0
326,antonelli,313.0
327,antonelli,423.0
328,antonelli,251.0
329,antonelli,323.0
330,antonelli,351.0
331,antonelli,343.0
332,antonelli,367.0
333,antonelli,411.0
334,antonelli,309.0
335,antonelli,357.0
336,antonelli,313.0
337,antonelli,251.0
338,antonelli,299.0
339,antonelli,313.0
340,antonelli,313.0
341,antonelli,353.0
342,antonelli,323.0
343,antonelli,255.0
344,antonelli,313.0
345,antonelli,397.0
346,antonelli,247.0
347,antonelli,277.0
348,russell,208.0
349,antonelli,341.0
350,antonelli,331.0
351,antonelli,279.0
352,antonelli,353.0
353,antonelli,319.0
354,antonelli,335.0
355,antonelli,257.0
356,antonelli,255.0
357,antonelli,377.0
358,antonelli,321.0
359,antonelli,367.0
360,antonelli,375.0
361,antonelli,363.0
362,antonelli,339.0
363,antonelli,327.0
364,antonelli,357.0
365,antonelli,333.0
366,antonelli,375.0
367,antonelli,229.0
368,antonelli,353.0
369,antonelli,299.0
370,antonelli,293.0
371,antonelli,291.0
372,antonelli,245.0
373,antonelli,357.0
374,antonelli,303.0
375,antonelli,329.0
376,antonelli,285.0
377,antonelli,295.0
378,antonelli,233.0
379,antonelli,197.0
380,antonelli,281.0
381,antonelli,315.0
382,antonelli,373.0
383,antonelli,265.0
384,antonelli,277.0
385,antonelli,365.0
386,antonelli,297.0
387,antonelli,353.0
388,antonelli,267.0
389,antonelli,357.0
390,antonelli,257.0
391,antonelli,375.0
392,antonelli,335.0
393,antonelli,325.0
394,antonelli,341.0
395,antonelli,331.0
396,antonelli,287.0
397,antonelli,277.0
398,antonelli,359.0
399,antonelli,369.0
400,antonelli,389.0
401,antonelli,369.0
402,antonelli,365.0
403,antonelli,297.0
404,antonelli,285.0
405,antonelli,271.0
406,antonelli,241.0
407,antonelli,195.0
408,antonelli,237.0
409,antonelli,247.0
410,antonelli,365.0
411,antonelli,265.0
412,antonelli,325.0
413,antonelli,315.0
414,antonelli,313.0
415,antonelli,397.0
416,antonelli,311.0
417,antonelli,263.0
418,antonelli,397.0
419,antonelli,289.0
420,antonelli,303.0
421,antonelli,217.0
422,antonelli,317.0
423,antonelli,435.0
424,antonelli,249.0
425,antonelli,297.0
426,antonelli,349.0
427,antonelli,367.0
428,antonelli,349.0
429,antonelli,295.0
430,antonelli,341.0
431,antonelli,219.0
432,antonelli,385.0
433,antonelli,301.0
434,antonelli,281.0
435,antonelli,313.0
436,antonelli,339.0
437,antonelli,327.0
438,antonelli,359.0
439,antonelli,309.0
440,antonelli,351.0
441,antonelli,383.0
442,antonelli,281.0
443,antonelli,299.0
444,antonelli,247.0
445,antonelli,303.0
446,antonelli,251.0
447,antonelli,317.0
448,antonelli,357.0
449,antonelli,243.0
450,antonelli,271.0
451,antonelli,295.0
452,antonelli,301.0
453,antonelli,317.0
454,antonelli,223.0
455,antonelli,349.0
456,antonelli,303.0
457,antonelli,315.0
458,antonelli,291.0
459,antonelli,335.0
460,antonelli,365.0
461,antonelli,283.0
462,antonelli,337.0
463,antonelli,325.0
464,antonelli,303.0
465,antonelli,367.0
466,antonelli,359.0
467,antonelli,339.0
468,antonelli,401.0
469,antonelli,443.0
470,antonelli,327.0
471,antonelli,317.0
472,antonelli,313.0
473,antonelli,301.0
474,antonelli,355.0
475,antonelli,289.0
476,antonelli,259.0
477,antonelli,249.0
478,antonelli,335.0
479,antonelli,281.0
480,antonelli,317.0
481,antonelli,265.0
482,antonelli,347.0
483,antonelli,313.0
484,antonelli,257.0
485,antonelli,297.0
486,antonelli,287.0
487,antonelli,277.0
488,antonelli,233.0
489,antonelli,251.0
490,antonelli,393.0
491,antonelli,275.0
492,antonelli,193.0
493,antonelli,255.0
494,antonelli,303.0
495,antonelli,423.0
496,antonelli,289.0
497,antonelli,291.0
498,antonelli,223.0
499,antonelli,197.0
500,antonelli,311.0
501,antonelli,377.0
502,antonelli,321.0
503,antonelli,345.0
504,antonelli,271.0
505,antonelli,293.0
506,antonelli,325.0
507,antonelli,329.0
508,antonelli,337.0
509,antonelli,259.0
510,antonelli,237.0
511,antonelli,339.0
512,antonelli,179.0
513,antonelli,253.0
514,antonelli,305.0
515,antonelli,411.0
516,antonelli,267.0
517,antonelli,281.0
518,antonelli,293.0
519,antonelli,323.0
520,antonelli,367.0
521,antonelli,401.0
522,antonelli,287.0
523,antonelli,297.0
524,antonelli,267.0
525,antonelli,363.0
526,antonelli,295.0
527,antonelli,449.0
528,antonelli,371.0
529,antonelli,293.0
530,antonelli,393.0
531,antonelli,371.0
532,antonelli,371.0
533,antonelli,243.0
534,antonelli,275.0
535,antonelli,371.0
536,antonelli,347.0
537,antonelli,293.0
538,antonelli,367.0
539,antonelli,307.0
540,antonelli,293.0
541,antonelli,219.0
542,antonelli,325.0
543,antonelli,263.0
544,antonelli,303.0
545,antonelli,325.0
546,antonelli,335.0
547,antonelli,291.0
548,antonelli,235.0
549,antonelli,303.0
550,antonelli,289.0
551,antonelli,289.0
552,antonelli,283.0
553,antonelli,385.0
554,antonelli,267.0
555,antonelli,329.0
556,antonelli,367.0
557,antonelli,337.0
558,antonelli,275.0
559,antonelli,293.0
560,antonelli,249.0
561,antonelli,295.0
562,antonelli,331.0
563,antonelli,251.0
564,antonelli,261.0
565,antonelli,369.0
566,antonelli,327.0
567,antonelli,289.0
568,antonelli,281.0
569,antonelli,373.0
570,antonelli,247.0
571,antonelli,383.0
572,antonelli,297.0
573,antonelli,363.0
574,antonelli,273.0
575,antonelli,273.0
576,antonelli,417.0
577,antonelli,291.0
578,antonelli,335.0
579,antonelli,459.0
580,antonelli,255.0
581,antonelli,357.0
582,antonelli,243.0
583,antonelli,355.0
584,antonelli,301.0
585,antonelli,337.0
586,antonelli,187.0
587,antonelli,359.0
588,antonelli,303.0
589,antonelli,359.0
590,antonelli,337.0
591,antonelli,361.0
592,antonelli,409.0
593,antonelli,275.0
594,antonelli,255.0
595,antonelli,239.0
596,antonelli,401.0
597,antonelli,247.0
598,antonelli,279.0
599,antonelli,145.0
600,antonelli,307.0
601,antonelli,283.0
602,antonelli,447.0
603,antonelli,323.0
604,antonelli,387.0
605,antonelli,223.0
606,antonelli,193.0
607,antonelli,277.0
608,antonelli,313.0
609,antonelli,433.0
610,antonelli,359.0
611,antonelli,221.0
612,antonelli,337.0
613,antonelli,291.0
614,antonelli,337.0
615,antonelli,317.0
616,antonelli,331.0
617,antonelli,253.0
618,antonelli,355.0
619,antonelli,255.0
620,antonelli,291.0
621,antonelli,339.0
622,antonelli,279.0
623,antonelli,279.0
624,antonelli,239.0
625,antonelli,241.0
626,antonelli,327.0
627,antonelli,341.0
628,antonelli,255.0
629,antonelli,341.0
630,antonelli,421.0
631,antonelli,187.0
632,antonelli,379.0
633,antonelli,261.0
634,antonelli,313.0
635,antonelli,273.0
636,antonelli,243.0
637,antonelli,413.0
638,antonelli,311.0
639,antonelli,285.0
640,antonelli,425.0
641,antonelli,381.0
642,antonelli,339.0
643,antonelli,397.0
644,antonelli,379.0
645,antonelli,273.0
646,antonelli,259.0
647,antonelli,375.0
648,antonelli,319.0
649,antonelli,365.0
650,antonelli,211.0
651,antonelli,277.0
652,antonelli,297.0
653,antonelli,271.0
654,antonelli,379.0
655,antonelli,379.0
656,antonelli,295.0
657,antonelli,215.0
658,antonelli,291.0
659,antonelli,301.0
660,antonelli,249.0
661,antonelli,359.0
662,antonelli,299.0
663,antonelli,351.0
664,antonelli,273.0
665,antonelli,299.0
666,antonelli,297.0
667,antonelli,301.0
668,russell,228.0
669,antonelli,317.0
670,antonelli,399.0
671,antonelli,313.0
672,antonelli,407.0
673,antonelli,347.0
674,antonelli,441.0
675,antonelli,223.0
676,antonelli,317.0
677,antonelli,301.0
678,antonelli,273.0
679,antonelli,373.0
680,antonelli,323.0
681,antonelli,359.0
682,antonelli,303.0
683,antonelli,297.0
684,antonelli,331.0
685,antonelli,331.0
686,antonelli,253.0
687,antonelli,253.0
688,antonelli,311.0
689,antonelli,351.0
690,antonelli,295.0
691,antonelli,319.0
692,antonelli,309.0
693,antonelli,327.0
694,antonelli,387.0
695,antonelli,283.0
696,antonelli,253.0
697,antonelli,415.0
698,antonelli,301.0
699,antonelli,359.0
700,antonelli,383.0
701,antonelli,311.0
702,antonelli,301.0
703,antonelli,271.0
704,antonelli,337.0
705,antonelli,285.0
706,antonelli,301.0
707,antonelli,293.0
708,antonelli,415.0
709,antonelli,315.0
710,antonelli,297.0
711,antonelli,367.0
712,antonelli,391.0
713,antonelli,273.0
714,antonelli,281.0
715,antonelli,333.0
716,antonelli,315.0
717,antonelli,265.0
718,antonelli,311.0
719,antonelli,361.0
720,antonelli,385.0
721,antonelli,361.0
722,antonelli,309.0
723,antonelli,351.0
724,antonelli,315.0
725,antonelli,325.0
726,antonelli,293.0
727,antonelli,291.0
728,antonelli,363.0
729,antonelli,387.0
730,antonelli,393.0
731,antonelli,261.0
732,antonelli,287.0
733,antonelli,243.0
734,antonelli,267.0
735,antonelli,285.0
736,antonelli,421.0
737,antonelli,335.0
738,antonelli,333.0
739,antonelli,253.0
740,antonelli,291.0
741,antonelli,359.0
742,antonelli,291.0
743,antonelli,287.0
744,antonelli,311.0
745,antonelli,351.0
746,antonelli,359.0
747,antonelli,345.0
748,antonelli,427.0
749,antonelli,229.0
750,antonelli,327.0
751,antonelli,295.0
752,antonelli,365.0
753,antonelli,391.0
754,antonelli,263.0
755,antonelli,415.0
756,antonelli,407.0
757,antonelli,329.0
758,antonelli,379.0
759,antonelli,351.0
760,antonelli,257.0
761,antonelli,233.0
762,antonelli,315.0
763,antonelli,307.0
764,antonelli,325.0
765,antonelli,373.0
766,antonelli,293.0
767,antonelli,343.0
768,antonelli,251.0
769,antonelli,249.0
770,antonelli,291.0
771,antonelli,245.0
772,antonelli,285.0
773,antonelli,363.0
774,antonelli,321.0
775,antonelli,429.0
776,antonelli,405.0
777,antonelli,353.0
778,antonelli,339.0
779,antonelli,199.0
780,antonelli,419.0
781,antonelli,361.0
782,antonelli,295.0
783,antonelli,365.0
784,antonelli,443.0
785,antonelli,337.0
786,antonelli,411.0
787,antonelli,301.0
788,antonelli,249.0
789,antonelli,399.0
790,antonelli,243.0
791,antonelli,305.0
792,antonelli,281.0
793,antonelli,367.0
794,antonelli,249.0
795,antonelli,361.0
796,antonelli,221.0
797,antonelli,323.0
798,antonelli,239.0
799,antonelli,335.0
800,antonelli,363.0
801,antonelli,301.0
802,antonelli,331.0
803,antonelli,277.0
804,antonelli,249.0
805,antonelli,313.0
806,antonelli,191.0
807,antonelli,301.0
808,antonelli,291.0
809,antonelli,313.0
810,antonelli,267.0
811,antonelli,297.0
812,antonelli,411.0
813,antonelli,285.0
814,antonelli,251.0
815,antonelli,351.0
816,antonelli,325.0
817,antonelli,299.0
818,antonelli,337.0
819,antonelli,215.0
820,antonelli,343.0
821,antonelli,361.0
822,antonelli,385.0
823,antonelli,295.0
824,antonelli,341.0
825,antonelli,279.0
826,antonelli,225.0
827,antonelli,273.0
828,antonelli,243.0
829,antonelli,345.0
830,antonelli,355.0
831,antonelli,291.0
832,antonelli,173.0
833,antonelli,361.0
834,antonelli,255.0
835,antonelli,367.0
836,antonelli,237.0
837,antonelli,409.0
838,antonelli,325.0
839,antonelli,335.0
840,antonelli,235.0
841,antonelli,335.0
842,antonelli,369.0
843,antonelli,361.0
844,antonelli,365.0
845,antonelli,417.0
846,antonelli,389.0
847,antonelli,253.0
848,antonelli,261.0
849,antonelli,231.0
850,antonelli,439.0
851,antonelli,273.0
852,antonelli,433.0
853,antonelli,345.0
854,antonelli,327.0
855,antonelli,421.0
856,antonelli,353.0
857,antonelli,333.0
858,antonelli,269.0
859,antonelli,301.0
860,antonelli,303.0
861,antonelli,305.0
862,antonelli,359.0
863,antonelli,213.0
864,antonelli,271.0
865,antonelli,269.0
866,antonelli,255.0
867,antonelli,255.0
868,antonelli,447.0
869,antonelli,295.0
870,antonelli,347.0
871,antonelli,227.0
872,antonelli,383.0
873,antonelli,315.0
874,antonelli,323.0
875,antonelli,281.0
876,antonelli,229.0
877,antonelli,319.0
878,antonelli,269.0
879,antonelli,277.0
880,antonelli,357.0
881,antonelli,335.0
882,antonelli,365.0
883,antonelli,295.0
884,antonelli,165.0
885,antonelli,333.0
886,antonelli,373.0
887,antonelli,251.0
888,antonelli,349.0
889,antonelli,143.0
890,antonelli,385.0
891,antonelli,337.0
892,antonelli,325.0
893,antonelli,317.0
894,antonelli,349.0
895,antonelli,247.0
896,antonelli,339.0
897,antonelli,251.0
898,antonelli,365.0
899,antonelli,289.0
900,antonelli,325.0
901,antonelli,245.0
902,antonelli,341.0
903,antonelli,311.0
904,antonelli,367.0
905,antonelli,331.0
906,antonelli,339.0
907,antonelli,355.0
908,antonelli,277.0
909,antonelli,267.0
910,antonelli,329.0
911,antonelli,255.0
912,antonelli,343.0
913,antonelli,283.0
914,antonelli,285.0
915,antonelli,355.0
916,antonelli,249.0
917,antonelli,259.0
918,antonelli,331.0
919,antonelli,261.0
920,antonelli,351.0
921,antonelli,423.0
922,antonelli,317.0
923,antonelli,251.0
924,antonelli,235.0
925,antonelli,367.0
926,antonelli,341.0
927,antonelli,305.0
928,antonelli,377.0
929,antonelli,327.0
930,antonelli,349.0
931,antonelli,269.0
932,antonelli,341.0
933,antonelli,389.0
934,antonelli,271.0
935,antonelli,499.0
936,antonelli,375.0
937,antonelli,323.0
938,antonelli,291.0
939,antonelli,267.0
940,antonelli,285.0
941,antonelli,253.0
942,antonelli,333.0
943,antonelli,295.0
944,antonelli,297.0
945,antonelli,235.0
946,antonelli,395.0
947,antonelli,251.0
948,antonelli,295.0
949,antonelli,343.0
950,antonelli,347.0
951,antonelli,265.0
952,antonelli,347.0
953,antonelli,305.0
954,antonelli,265.0
955,antonelli,327.0
956,antonelli,289.0
957,antonelli,393.0
958,antonelli,405.0
959,antonelli,381.0
960,antonelli,265.0
961,antonelli,245.0
962,antonelli,249.0
963,antonelli,359.0
964,antonelli,341.0
965,antonelli,431.0
966,antonelli,329.0
967,antonelli,331.0
968,antonelli,341.0
969,antonelli,297.0
970,antonelli,267.0
971,antonelli,349.0
972,antonelli,255.0
973,antonelli,199.0
974,antonelli,307.0
975,antonelli,365.0
976,antonelli,343.0
977,antonelli,333.0
978,antonelli,347.0
979,antonelli,369.0
980,antonelli,263.0
981,antonelli,315.0
982,antonelli,257.0
983,antonelli,361.0
984,antonelli,307.0
985,antonelli,291.0
986,antonelli,351.0
987,antonelli,333.0
988,antonelli,333.0
989,antonelli,327.0
990,antonelli,315.0
991,antonelli,201.0
992,antonelli,373.0
993,antonelli,345.0
994,antonelli,301.0
995,antonelli,339.0
996,antonelli,281.0
997,antonelli,207.0
998,antonelli,307.0
999,antonelli,367.0
