driver_id,raw_score,win_probability,predicted_rank,year,round,actual_position
gutierrez,2.3971117,0.22761181,1,2016,1,20
haryanto,2.245463,0.19558457,2,2016,1,19
raikkonen,2.1186736,0.1722942,3,2016,1,18
ericsson,2.0095818,0.15448728,4,2016,1,17
wehrlein,1.1818596,0.06751768,5,2016,1,16
nasr,0.8980556,0.05083502,6,2016,1,15
button,0.58185947,0.037054487,7,2016,1,14
perez,0.30281934,0.02803207,8,2016,1,13
kevin_magnussen,0.05033105,0.021777146,9,2016,1,12
jolyon_palmer,-0.10331104,0.01867562,10,2016,1,11
max_verstappen,-0.8183261,0.0091358265,11,2016,1,10
sainz,-1.194954,0.006268743,12,2016,1,9
bottas,-1.5759075,0.0042828666,13,2016,1,8
hulkenberg,-2.0624077,0.0026329956,14,2016,1,7
grosjean,-2.4173017,0.0018463829,15,2016,1,6
massa,-3.0990467,0.0009337776,16,2016,1,5
ricciardo,-3.654493,0.00053581665,17,2016,1,4
vettel,-4.3552885,0.0002658671,18,2016,1,3
hamilton,-4.888628,0.00015596897,19,2016,1,2
rosberg,-5.663615,7.1856404e-05,20,2016,1,1
gutierrez,2.0547268,0.26176062,1,2016,2,19
button,1.2943614,0.12237192,2,2016,2,20
haryanto,1.0280732,0.09376359,3,2016,2,17
nasr,0.8889765,0.081587836,4,2016,2,14
perez,0.6895716,0.066838235,5,2016,2,16
sainz,0.5260377,0.056754865,6,2016,2,18
hulkenberg,0.5055328,0.055602953,7,2016,2,15
kevin_magnussen,0.48350257,0.054391406,8,2016,2,11
wehrlein,0.3856052,0.04931897,9,2016,2,13
ericsson,0.26330322,0.04364143,10,2016,2,12
vandoorne,-0.055353183,0.031732786,11,2016,2,10
bottas,-0.14504166,0.029010616,12,2016,2,9
massa,-0.5178853,0.019981727,13,2016,2,8
kvyat,-1.0974324,0.011192806,14,2016,2,7
max_verstappen,-1.3512431,0.00868381,15,2016,2,6
grosjean,-1.7180748,0.0060172407,16,2016,2,5
ricciardo,-2.1052518,0.0040855305,17,2016,2,4
hamilton,-3.1950357,0.0013739199,18,2016,2,3
raikkonen,-3.346489,0.0011808268,19,2016,2,2
rosberg,-3.8567812,0.0007088739,20,2016,2,1
wehrlein,1.3113879,0.14607438,1,2016,3,18
nasr,1.1505104,0.1243672,2,2016,3,20
grosjean,0.85956085,0.09297112,3,2016,3,19
kevin_magnussen,0.83128023,0.090378664,4,2016,3,17
ericsson,0.7501873,0.083338894,5,2016,3,16
gutierrez,0.6480169,0.075244665,6,2016,3,14
hulkenberg,0.57368994,0.069854744,7,2016,3,15
button,0.41423595,0.059558798,8,2016,3,13
alonso,0.2924413,0.052729193,9,2016,3,12
perez,0.22776198,0.049426664,10,2016,3,11
bottas,0.0050679,0.039559107,11,2016,3,10
sainz,-0.2582617,0.030400723,12,2016,3,9
max_verstappen,-0.41848093,0.025900105,13,2016,3,8
hamilton,-0.6281369,0.021001443,14,2016,3,7
massa,-0.8660988,0.016554026,15,2016,3,6
raikkonen,-1.7030821,0.007168137,16,2016,3,5
ricciardo,-1.9223179,0.0057569635,17,2016,3,4
kvyat,-2.2042801,0.0043424903,18,2016,3,3
vettel,-2.6371381,0.0028167677,19,2016,3,2
rosberg,-2.7343204,0.0025559084,20,2016,3,1
vettel,1.2287637,0.12311593,1,2016,4,20
wehrlein,1.1979792,0.11938362,2,2016,4,18
gutierrez,1.1270342,0.1112074,3,2016,4,17
nasr,0.9744655,0.09547154,4,2016,4,16
ericsson,0.9231062,0.090691976,5,2016,4,14
max_verstappen,0.6723244,0.07057579,6,2016,4,19
kvyat,0.5920387,0.065131046,7,2016,4,15
jolyon_palmer,0.5050481,0.059704702,8,2016,4,13
sainz,0.46318364,0.057256795,9,2016,4,12
ricciardo,0.23979664,0.045794286,10,2016,4,11
button,0.047096785,0.037767895,11,2016,4,10
perez,-0.07839367,0.033313707,12,2016,4,9
grosjean,-0.16580956,0.03052522,13,2016,4,8
kevin_magnussen,-0.78303975,0.016466418,14,2016,4,7
alonso,-1.1817924,0.011051546,15,2016,4,6
massa,-1.2406929,0.010419402,16,2016,4,5
bottas,-1.6296548,0.007061857,17,2016,4,4
hamilton,-1.736404,0.006346851,18,2016,4,2
raikkonen,-1.9914972,0.0049178204,19,2016,4,3
rosberg,-2.2503617,0.0037962014,20,2016,4,1
ericsson,1.425534,0.3393561,1,2016,5,12
gutierrez,0.96834815,0.21483368,2,2016,5,11
kvyat,0.5086146,0.13565713,3,2016,5,10
button,0.17447081,0.09712383,4,2016,5,9
massa,-0.22130483,0.06537966,5,2016,5,8
perez,-0.42454085,0.0533554,6,2016,5,7
sainz,-0.8562209,0.034649905,7,2016,5,6
bottas,-1.302356,0.022179311,8,2016,5,5
ricciardo,-1.697041,0.014946468,9,2016,5,4
vettel,-1.994191,0.011104219,10,2016,5,3
raikkonen,-2.4902837,0.006761416,11,2016,5,2
max_verstappen,-2.8640316,0.004652871,12,2016,5,1
grosjean,2.386273,0.21697687,1,2017,1,20
jolyon_palmer,2.1411443,0.16980694,2,2017,1,19
ericsson,1.9277526,0.13717678,3,2017,1,18
ricciardo,1.7901646,0.11954375,4,2017,1,17
stroll,1.6832047,0.10741743,5,2017,1,16
kevin_magnussen,1.5426917,0.093336344,6,2017,1,15
alonso,1.1842873,0.06522255,7,2017,1,14
vandoorne,0.36122373,0.028638199,8,2017,1,13
giovinazzi,0.13034144,0.02273395,9,2017,1,12
hulkenberg,-0.23040947,0.015849033,10,2017,1,11
ocon,-0.84576374,0.0085656,11,2017,1,10
kvyat,-1.190432,0.006068344,12,2017,1,9
sainz,-1.7673287,0.0034082164,13,2017,1,8
perez,-2.1819694,0.002251392,14,2017,1,7
massa,-2.6660948,0.0013873883,15,2017,1,6
max_verstappen,-3.2940664,0.0007404119,16,2017,1,5
raikkonen,-3.7257864,0.00048081687,17,2017,1,4
bottas,-4.455331,0.00023181563,18,2017,1,3
hamilton,-5.2327857,0.000106536485,19,2017,1,2
vettel,-5.846879,5.7650195e-05,20,2017,1,1
stroll,1.7820017,0.23704073,1,2017,2,20
alonso,1.0351713,0.11232557,2,2017,2,16
giovinazzi,0.81586426,0.09020587,3,2017,2,19
vandoorne,0.77479213,0.08657598,4,2017,2,18
kvyat,0.6483463,0.07629266,5,2017,2,17
ericsson,0.57545954,0.070929736,6,2017,2,15
massa,0.43589982,0.06169051,7,2017,2,14
jolyon_palmer,0.31587237,0.05471307,8,2017,2,13
hulkenberg,0.094492644,0.043847725,9,2017,2,12
grosjean,0.059008263,0.042319097,10,2017,2,11
ocon,-0.06585735,0.037351493,11,2017,2,10
perez,-0.25540707,0.030902069,12,2017,2,9
kevin_magnussen,-0.6934423,0.0199412,13,2017,2,8
sainz,-1.0894029,0.013421089,14,2017,2,7
bottas,-1.5558575,0.008418005,15,2017,2,6
raikkonen,-1.7934206,0.0066379937,16,2017,2,5
ricciardo,-2.3211634,0.0039159846,17,2017,2,4
max_verstappen,-2.645358,0.0028316863,18,2017,2,3
vettel,-4.6088715,0.00039746793,19,2017,2,2
hamilton,-5.104877,0.0002420413,20,2017,2,1
stroll,1.5403659,0.18440977,1,2017,3,17
vandoorne,0.9895645,0.10630995,2,2017,3,20
kevin_magnussen,0.9396963,0.10113847,3,2017,3,19
max_verstappen,0.79044956,0.08711629,4,2017,3,18
sainz,0.70916355,0.08031512,5,2017,3,16
ericsson,0.633936,0.074494876,6,2017,3,15
alonso,0.49693713,0.06495739,7,2017,3,14
jolyon_palmer,0.4102601,0.059564184,8,2017,3,13
kvyat,0.20653275,0.048585594,9,2017,3,12
wehrlein,0.17798673,0.047218278,10,2017,3,11
ocon,-0.07535109,0.03665109,11,2017,3,10
hulkenberg,-0.3366874,0.02822215,12,2017,3,9
grosjean,-0.6915763,0.019790819,13,2017,3,8
perez,-0.8339121,0.017165167,14,2017,3,7
massa,-1.1111143,0.0130095035,15,2017,3,6
ricciardo,-1.1920263,0.011998336,16,2017,3,5
raikkonen,-1.2698379,0.011100127,17,2017,3,4
bottas,-1.7147293,0.007114003,18,2017,3,3
hamilton,-4.3300514,0.0005203481,19,2017,3,2
vettel,-4.820789,0.0003185441,20,2017,3,1
alonso,1.3775239,0.15098806,1,2017,4,20
grosjean,1.0129235,0.104857296,2,2017,4,19
jolyon_palmer,0.93889874,0.097375594,3,2017,4,18
ricciardo,0.78482234,0.083470985,4,2017,4,17
wehrlein,0.7272244,0.078799084,5,2017,4,16
ericsson,0.6733314,0.074664764,6,2017,4,15
vandoorne,0.6047188,0.069713615,7,2017,4,14
kevin_magnussen,0.5327481,0.06487258,8,2017,4,13
kvyat,0.3474703,0.0539009,9,2017,4,12
stroll,0.1758123,0.045398954,10,2017,4,11
sainz,0.03386768,0.03939128,11,2017,4,10
massa,-0.09587081,0.034598354,12,2017,4,9
hulkenberg,-0.330102,0.027373483,13,2017,4,8
ocon,-0.6509539,0.019860307,14,2017,4,7
perez,-0.7857891,0.017355125,15,2017,4,6
max_verstappen,-0.8454964,0.016349224,16,2017,4,5
raikkonen,-0.90928584,0.015338885,17,2017,4,3
hamilton,-2.6975267,0.0025654924,18,2017,4,4
vettel,-3.0563254,0.0017920344,19,2017,4,2
bottas,-3.3515759,0.0013338922,20,2017,4,1
raikkonen,1.2291164,0.13166317,1,2017,5,20
max_verstappen,1.1163903,0.11762726,2,2017,5,19
vandoorne,1.0305729,0.10795381,3,2017,5,18
stroll,0.7809153,0.08410329,4,2017,5,16
jolyon_palmer,0.7147479,0.078718506,5,2017,5,15
kevin_magnussen,0.61784106,0.07144811,6,2017,5,14
massa,0.5227547,0.06496737,7,2017,5,13
alonso,0.4125582,0.058188554,8,2017,5,12
ericsson,0.36829746,0.05566925,9,2017,5,11
kvyat,0.183213,0.046263047,10,2017,5,9
bottas,0.15802678,0.045112405,11,2017,5,17
grosjean,-0.04296868,0.03689817,12,2017,5,10
wehrlein,-0.31622595,0.028075699,13,2017,5,8
sainz,-0.5296179,0.02268066,14,2017,5,7
hulkenberg,-0.89647406,0.015715638,15,2017,5,6
ocon,-1.0546275,0.013416738,16,2017,5,5
perez,-1.2664092,0.010856037,17,2017,5,4
ricciardo,-1.6604483,0.0073205256,18,2017,5,3
vettel,-2.970678,0.0019747703,19,2017,5,2
hamilton,-3.353315,0.0013469126,20,2017,5,1
sirotkin,2.303877,0.21652804,1,2018,1,20
ericsson,2.1704204,0.18947619,2,2018,1,19
gasly,2.0481136,0.16766308,3,2018,1,18
kevin_magnussen,1.8262132,0.13429733,4,2018,1,17
grosjean,1.5648587,0.10341,5,2018,1,16
brendon_hartley,0.8984418,0.053105723,6,2018,1,15
stroll,0.51727146,0.03627448,7,2018,1,14
leclerc,0.3247826,0.029922945,8,2018,1,13
ocon,0.08210302,0.023475232,9,2018,1,12
perez,-0.14926133,0.018626435,10,2018,1,11
sainz,-0.82398766,0.009486362,11,2018,1,10
vandoorne,-1.1634941,0.006755445,12,2018,1,9
bottas,-1.5384537,0.0046431315,13,2018,1,8
hulkenberg,-2.1368184,0.002552375,14,2018,1,7
max_verstappen,-2.5809019,0.001637124,15,2018,1,6
alonso,-2.9708807,0.0011084495,16,2018,1,5
ricciardo,-3.7279122,0.0005199257,17,2018,1,4
raikkonen,-4.298999,0.000293712,18,2018,1,3
hamilton,-5.018373,0.00014305439,19,2018,1,2
vettel,-5.5881,8.092299e-05,20,2018,1,1
ricciardo,1.2576604,0.13918254,1,2018,2,20
max_verstappen,1.1543111,0.12551646,2,2018,2,19
raikkonen,1.0293889,0.11077651,3,2018,2,18
brendon_hartley,0.88198435,0.09559401,4,2018,2,17
perez,0.7734864,0.08576511,5,2018,2,16
sirotkin,0.7273273,0.08189624,6,2018,2,15
stroll,0.60089433,0.0721697,7,2018,2,14
grosjean,0.48331365,0.06416382,8,2018,2,13
leclerc,0.38419637,0.0581091,9,2018,2,12
sainz,0.23047978,0.049829416,10,2018,2,11
ocon,-0.09075039,0.036139105,11,2018,2,10
ericsson,-0.393874,0.026689008,12,2018,2,9
vandoorne,-0.5782897,0.022194315,13,2018,2,8
alonso,-1.4430876,0.00934684,14,2018,2,7
hulkenberg,-1.5934179,0.008042243,15,2018,2,6
kevin_magnussen,-1.8410922,0.006277888,16,2018,2,5
gasly,-2.226651,0.004269407,17,2018,2,4
bottas,-2.9144166,0.002146222,18,2018,2,2
hamilton,-3.2620518,0.0015159978,19,2018,2,3
vettel,-4.656123,0.0003760635,20,2018,2,1
brendon_hartley,1.1077307,0.13537829,1,2018,3,20
leclerc,0.9844492,0.119676396,2,2018,3,19
gasly,0.87995446,0.10780204,3,2018,3,18
grosjean,0.711244,0.09106615,4,2018,3,17
ericsson,0.6587709,0.08641084,5,2018,3,16
sirotkin,0.60366917,0.08177825,6,2018,3,15
stroll,0.49774387,0.073558874,7,2018,3,14
vandoorne,0.36268857,0.064266,8,2018,3,13
perez,0.2940369,0.060002066,9,2018,3,12
ocon,0.16268885,0.05261657,10,2018,3,11
kevin_magnussen,-0.076786,0.0414114,11,2018,3,10
sainz,-0.42590064,0.029207971,12,2018,3,9
alonso,-0.9010405,0.01816146,13,2018,3,7
hulkenberg,-0.9895627,0.016622871,14,2018,3,6
max_verstappen,-1.4969704,0.010007871,15,2018,3,5
vettel,-2.281493,0.0045669675,16,2018,3,8
raikkonen,-2.7564042,0.0028403809,17,2018,3,3
hamilton,-2.9041378,0.0024502852,18,2018,3,4
bottas,-3.5526917,0.0012810123,19,2018,3,2
ricciardo,-3.9120584,0.00089429796,20,2018,3,1
sirotkin,1.0292718,0.13462889,1,2018,4,20
ocon,0.84333307,0.11178566,2,2018,4,19
hulkenberg,0.7007933,0.09693528,3,2018,4,18
ricciardo,0.56587875,0.084701136,4,2018,4,17
max_verstappen,0.4809001,0.0778007,5,2018,4,16
grosjean,0.4201886,0.073217824,6,2018,4,15
bottas,0.3229348,0.06643241,7,2018,4,14
kevin_magnussen,0.20516267,0.059051674,8,2018,4,13
gasly,0.1741122,0.05724627,9,2018,4,12
ericsson,0.110336885,0.053709347,10,2018,4,11
brendon_hartley,-0.10050922,0.04349914,11,2018,4,10
vandoorne,-0.21132886,0.038936082,12,2018,4,9
stroll,-0.5292984,0.028330864,13,2018,4,8
alonso,-0.79162025,0.021793896,14,2018,4,7
leclerc,-1.1580831,0.015107133,15,2018,4,6
sainz,-1.2900763,0.013239092,16,2018,4,5
vettel,-1.5918816,0.00979007,17,2018,4,4
perez,-1.9898264,0.006575981,18,2018,4,3
raikkonen,-2.0947049,0.0059212362,19,2018,4,2
hamilton,-3.6129642,0.0012973014,20,2018,4,1
hulkenberg,0.8695299,0.10118708,1,2018,5,20
gasly,0.8248111,0.0967618,2,2018,5,19
grosjean,0.7731708,0.09189182,3,2018,5,18
raikkonen,0.7225013,0.087351695,4,2018,5,17
ocon,0.6457563,0.08089868,5,2018,5,16
vandoorne,0.6029317,0.077507354,6,2018,5,15
sirotkin,0.5738654,0.075286925,7,2018,5,14
ericsson,0.45195502,0.06664607,8,2018,5,13
brendon_hartley,0.41800582,0.064421475,9,2018,5,12
stroll,0.33447886,0.059259135,10,2018,5,11
leclerc,0.103734985,0.047048364,11,2018,5,10
perez,-0.007990603,0.042074867,12,2018,5,9
alonso,-0.39883772,0.028462956,13,2018,5,8
sainz,-0.6020707,0.023228282,14,2018,5,7
kevin_magnussen,-0.9015746,0.017216472,15,2018,5,6
ricciardo,-1.0116991,0.015421184,16,2018,5,5
vettel,-1.5589108,0.00892209,17,2018,5,4
max_verstappen,-1.6499846,0.008145426,18,2018,5,3
bottas,-1.7239337,0.0075648106,19,2018,5,2
hamilton,-4.099063,0.0007035463,20,2018,5,1
sainz,2.7709928,0.3182131,1,2019,1,20
ricciardo,2.3443034,0.20768698,2,2019,1,19
grosjean,2.0241003,0.15078107,3,2019,1,18
kubica,1.4733796,0.08693044,4,2019,1,17
russell,1.17956,0.0647989,5,2019,1,16
giovinazzi,0.8313478,0.04574472,6,2019,1,15
albon,0.5567758,0.034761287,7,2019,1,14
perez,0.3530771,0.028355066,8,2019,1,13
norris,0.11894181,0.02243608,9,2019,1,12
gasly,-0.28624752,0.014961513,10,2019,1,11
kvyat,-0.6682998,0.010210626,11,2019,1,10
stroll,-1.1407688,0.006365927,12,2019,1,9
raikkonen,-1.7048414,0.0036214967,13,2019,1,8
hulkenberg,-2.178212,0.0022558274,14,2019,1,7
kevin_magnussen,-2.6712375,0.0013778042,15,2019,1,6
leclerc,-3.254898,0.00076861156,16,2019,1,5
vettel,-3.9964345,0.00036615224,17,2019,1,4
max_verstappen,-4.460769,0.00023014616,18,2019,1,3
hamilton,-5.3045716,9.897944e-05,19,2019,1,2
bottas,-6.3364453,3.52702e-05,20,2019,1,1
grosjean,2.2567432,0.24650383,1,2019,2,20
sainz,2.046623,0.19978811,2,2019,2,19
ricciardo,1.7598326,0.14997475,3,2019,2,18
hulkenberg,1.0696708,0.07521158,4,2019,2,17
kubica,0.81122285,0.058082078,5,2019,2,16
russell,0.6739649,0.050632786,6,2019,2,15
stroll,0.5695668,0.045613375,7,2019,2,14
kevin_magnussen,0.43390328,0.039826702,8,2019,2,13
kvyat,0.3008742,0.03486588,9,2019,2,12
giovinazzi,0.21987712,0.032153178,10,2019,2,11
perez,-0.14585857,0.022304216,11,2019,2,10
albon,-0.53691244,0.015085316,12,2019,2,9
gasly,-0.8683665,0.010829434,13,2019,2,8
raikkonen,-1.2396742,0.0074704853,14,2019,2,7
norris,-1.5404207,0.005530142,15,2019,2,6
vettel,-2.0575166,0.0032973464,16,2019,2,5
max_verstappen,-2.860948,0.0014765179,17,2019,2,4
leclerc,-3.3085606,0.0009437195,18,2019,2,3
bottas,-4.631706,0.000251309,19,2019,2,2
hamilton,-5.0876684,0.00015928912,20,2019,2,1
hulkenberg,1.0125327,0.12880093,1,2019,3,20
kvyat,0.88341886,0.11319978,2,2019,3,19
norris,0.81559837,0.105777055,3,2019,3,18
kubica,0.7354164,0.09762676,4,2019,3,17
russell,0.6502079,0.08965269,5,2019,3,16
giovinazzi,0.48524776,0.07601898,6,2019,3,15
sainz,0.3750512,0.068087004,7,2019,3,14
kevin_magnussen,0.2712192,0.06137205,8,2019,3,13
stroll,0.16574335,0.055228468,9,2019,3,12
grosjean,0.07073229,0.05022272,10,2019,3,11
albon,-0.03744922,0.04507312,11,2019,3,10
raikkonen,-0.35169134,0.0329188,12,2019,3,9
perez,-0.6729631,0.023873575,13,2019,3,8
ricciardo,-0.8528834,0.019942477,14,2019,3,7
gasly,-1.365216,0.011947467,15,2019,3,6
leclerc,-1.736625,0.0082409065,16,2019,3,5
max_verstappen,-1.9595414,0.0065942234,17,2019,3,4
vettel,-2.40674,0.0042164573,18,2019,3,3
bottas,-4.205051,0.0006981539,19,2019,3,2
hamilton,-4.5221205,0.0005084516,20,2019,3,1
ricciardo,1.2375966,0.13216412,1,2019,4,20
kvyat,1.0835195,0.11329186,2,2019,4,19
grosjean,0.98703897,0.10287214,3,2019,4,18
gasly,0.8846797,0.09286322,4,2019,4,17
kubica,0.8087357,0.086071946,5,2019,4,16
russell,0.7524184,0.081358574,6,2019,4,15
hulkenberg,0.62673974,0.071749985,7,2019,4,14
kevin_magnussen,0.54481936,0.066106506,8,2019,4,13
giovinazzi,0.41720992,0.058186762,9,2019,4,12
albon,0.25051823,0.04925279,10,2019,4,11
raikkonen,0.054211438,0.040473983,11,2019,4,10
stroll,-0.13049743,0.033647887,12,2019,4,9
norris,-0.4693583,0.02397687,13,2019,4,8
sainz,-0.84453475,0.016476138,14,2019,4,7
perez,-1.2080941,0.011454171,15,2019,4,6
leclerc,-1.4717054,0.008799919,16,2019,4,5
max_verstappen,-1.9746865,0.005321533,17,2019,4,4
vettel,-2.4391248,0.003344519,18,2019,4,3
hamilton,-2.9229245,0.0020616848,19,2019,4,2
bottas,-4.2900834,0.00052537903,20,2019,4,1
stroll,1.1651669,0.1257685,1,2019,5,19
kubica,1.1098776,0.11900359,2,2019,5,18
norris,0.916953,0.098123714,3,2019,5,20
russell,0.8533142,0.09207378,4,2019,5,17
giovinazzi,0.71724474,0.08036035,5,2019,5,16
perez,0.6452356,0.0747771,6,2019,5,15
raikkonen,0.5627553,0.06885697,7,2019,5,14
hulkenberg,0.47442472,0.06303567,8,2019,5,13
ricciardo,0.38546103,0.05767,9,2019,5,12
albon,0.26025176,0.050882943,10,2019,5,11
grosjean,-0.008541439,0.0388899,11,2019,5,10
kvyat,-0.14278828,0.034004323,12,2019,5,9
sainz,-0.30125993,0.029020894,13,2019,5,8
kevin_magnussen,-0.73948854,0.01872365,14,2019,5,7
gasly,-0.94725025,0.015211104,15,2019,5,6
leclerc,-1.2480425,0.011259738,16,2019,5,5
vettel,-1.4166118,0.009513048,17,2019,5,4
max_verstappen,-1.6662899,0.007411155,18,2019,5,3
bottas,-2.3343923,0.003799554,19,2019,5,2
hamilton,-3.190531,0.0016140478,20,2019,5,1
max_verstappen,2.7233768,0.2741426,1,2020,1,20
ricciardo,2.328018,0.18461813,2,2020,1,19
stroll,2.037623,0.13808846,3,2020,1,18
kevin_magnussen,1.7535003,0.10393565,4,2020,1,17
grosjean,1.51829,0.08215122,5,2020,1,16
russell,1.2873194,0.06520858,6,2020,1,15
raikkonen,1.0597004,0.05193391,7,2020,1,14
albon,0.5919899,0.032533213,8,2020,1,13
kvyat,0.19453332,0.021863203,9,2020,1,12
latifi,0.0021462585,0.018036868,10,2020,1,11
vettel,-0.566363,0.0102155255,11,2020,1,10
giovinazzi,-1.0419995,0.006348841,12,2020,1,9
ocon,-1.4170758,0.004363158,13,2020,1,8
gasly,-1.8635621,0.002791864,14,2020,1,7
perez,-2.420829,0.001599102,15,2020,1,6
sainz,-2.899303,0.0009910093,16,2020,1,5
hamilton,-3.2852767,0.0006736765,17,2020,1,4
norris,-4.0582886,0.000310983,18,2020,1,3
leclerc,-4.832741,0.00014334956,19,2020,1,2
bottas,-5.8725233,5.0678616e-05,20,2020,1,1
vettel,1.5114106,0.17810562,1,2020,2,20
leclerc,1.2560741,0.13797055,2,2020,2,19
ocon,1.0130024,0.10819861,3,2020,2,18
latifi,0.9183065,0.098422825,4,2020,2,17
russell,0.80968523,0.08829217,5,2020,2,16
gasly,0.68898684,0.078253455,6,2020,2,15
giovinazzi,0.4880192,0.064006545,7,2020,2,14
grosjean,0.35457247,0.056010466,8,2020,2,13
kevin_magnussen,0.23814332,0.049854536,9,2020,2,12
raikkonen,0.0021911315,0.03937603,10,2020,2,11
kvyat,-0.29622102,0.029216835,11,2020,2,10
sainz,-0.5533591,0.02259225,12,2020,2,9
ricciardo,-0.7874845,0.017876402,13,2020,2,8
stroll,-1.1866853,0.011992493,14,2020,2,7
perez,-1.6353656,0.0076568495,15,2020,2,6
norris,-2.038734,0.0051152795,16,2020,2,5
albon,-2.3967113,0.0035760351,17,2020,2,4
max_verstappen,-2.9671116,0.0020215297,18,2020,2,3
bottas,-3.6479166,0.0010233173,19,2020,2,2
hamilton,-4.4962034,0.000438131,20,2020,2,1
gasly,0.9391529,0.12354301,1,2020,3,20
latifi,0.8281221,0.11056002,2,2020,3,19
russell,0.75739646,0.1030107,3,2020,3,18
giovinazzi,0.6402472,0.09162313,4,2020,3,17
grosjean,0.52938884,0.0820087,5,2020,3,16
raikkonen,0.4516955,0.075878404,6,2020,3,15
ocon,0.3332888,0.0674054,7,2020,3,14
norris,0.23130298,0.060869936,8,2020,3,13
kvyat,0.18045053,0.05785194,9,2020,3,12
leclerc,0.039434146,0.050242968,10,2020,3,11
kevin_magnussen,-0.0029324938,0.048158802,11,2020,3,10
sainz,-0.33121428,0.03468205,12,2020,3,9
ricciardo,-0.5470846,0.027948173,13,2020,3,8
perez,-0.8971285,0.019693881,14,2020,3,7
vettel,-1.0459309,0.016970992,15,2020,3,6
albon,-1.3442032,0.012594161,16,2020,3,5
stroll,-1.8786817,0.0073798606,17,2020,3,4
max_verstappen,-2.094273,0.0059486437,18,2020,3,2
bottas,-2.7772393,0.0030047584,19,2020,3,3
hamilton,-4.348356,0.00062442804,20,2020,3,1
hulkenberg,1.7382141,0.22626333,1,2020,4,20
kevin_magnussen,1.1347347,0.12374465,2,2020,4,19
kvyat,0.8562412,0.09366518,3,2020,4,18
raikkonen,0.80491525,0.08897901,4,2020,4,17
grosjean,0.71993464,0.0817299,5,2020,4,16
latifi,0.6200352,0.073959716,6,2020,4,15
giovinazzi,0.49027592,0.064959325,7,2020,4,14
russell,0.31278652,0.05439498,8,2020,4,12
sainz,0.0702631,0.042680774,9,2020,4,13
vettel,-0.21932013,0.03194978,10,2020,4,10
bottas,-0.38350555,0.027112093,11,2020,4,11
stroll,-0.5242782,0.023551915,12,2020,4,9
albon,-0.7906776,0.0180439,13,2020,4,8
gasly,-1.0396869,0.014066532,14,2020,4,7
ocon,-1.2469479,0.011433384,15,2020,4,6
norris,-1.4800378,0.009056182,16,2020,4,5
ricciardo,-1.7229134,0.0071033887,17,2020,4,4
leclerc,-2.4018846,0.0036024023,18,2020,4,3
max_verstappen,-2.8328912,0.002341037,19,2020,4,2
hamilton,-3.374152,0.0013625165,20,2020,4,1
kevin_magnussen,1.0046425,0.12982845,1,2020,5,20
latifi,0.95647454,0.1237231,2,2020,5,19
russell,0.8693586,0.11340098,3,2020,5,18
giovinazzi,0.6814,0.09396962,4,2020,5,17
grosjean,0.604889,0.087048076,5,2020,5,16
raikkonen,0.5289785,0.08068479,6,2020,5,15
ricciardo,0.2507637,0.06108921,7,2020,5,14
sainz,0.13230403,0.05426479,8,2020,5,13
vettel,0.04677076,0.049816303,9,2020,5,12
gasly,-0.06505857,0.04454558,10,2020,5,11
kvyat,-0.11601057,0.042332742,11,2020,5,10
norris,-0.5367644,0.027793638,12,2020,5,9
ocon,-0.61052686,0.025817296,13,2020,5,8
hulkenberg,-0.9503387,0.01837944,14,2020,5,7
stroll,-1.1279824,0.0153880175,15,2020,5,6
albon,-1.4015509,0.011705054,16,2020,5,5
leclerc,-1.7463101,0.008291751,17,2020,5,4
bottas,-1.9737549,0.006604932,18,2020,5,3
hamilton,-2.6824315,0.0032515768,19,2020,5,2
max_verstappen,-3.136609,0.0020646534,20,2020,5,1
mazepin,2.8297584,0.35233474,1,2021,1,20
alonso,2.2576962,0.19884379,2,2021,1,19
latifi,1.6655551,0.10998879,3,2021,1,18
gasly,1.4622185,0.08975124,4,2021,1,17
mick_schumacher,1.2004907,0.069083355,5,2021,1,16
vettel,0.95798093,0.05420668,6,2021,1,15
russell,0.6574259,0.040135015,7,2021,1,14
ocon,0.28388825,0.027624737,8,2021,1,13
giovinazzi,-0.100938044,0.01880053,9,2021,1,12
raikkonen,-0.3226395,0.015062132,10,2021,1,11
stroll,-0.83540314,0.009019781,11,2021,1,10
tsunoda,-1.283763,0.005760707,12,2021,1,9
sainz,-1.6866941,0.0038502146,13,2021,1,8
ricciardo,-2.1539383,0.0024130337,14,2021,1,7
leclerc,-2.6752713,0.0014326874,15,2021,1,6
perez,-3.2185547,0.0008321592,16,2021,1,5
norris,-3.873532,0.00043226834,17,2021,1,4
bottas,-4.5191827,0.00022664755,18,2021,1,3
max_verstappen,-5.1859393,0.00011635426,19,2021,1,2
hamilton,-5.498043,8.516029e-05,20,2021,1,1
latifi,1.4653873,0.1823765,1,2021,2,20
russell,1.0645385,0.1221469,2,2021,2,19
bottas,1.0110849,0.115789145,3,2021,2,18
mazepin,0.880727,0.10163754,4,2021,2,17
mick_schumacher,0.7913218,0.09294498,5,2021,2,16
vettel,0.54484737,0.072641276,6,2021,2,15
giovinazzi,0.43633386,0.06517134,7,2021,2,14
raikkonen,0.28235862,0.055870954,8,2021,2,13
tsunoda,0.10172215,0.046637643,9,2021,2,12
perez,-0.13388588,0.036847953,10,2021,2,11
alonso,-0.3199897,0.030590706,11,2021,2,10
ocon,-0.5565121,0.02414733,12,2021,2,9
stroll,-0.8016475,0.018897668,13,2021,2,8
gasly,-1.2218186,0.012414528,14,2021,2,7
ricciardo,-1.5520993,0.008922594,15,2021,2,6
sainz,-1.9816952,0.0058065746,16,2021,2,5
leclerc,-2.4416003,0.0036659434,17,2021,2,4
norris,-3.0164392,0.0020631757,18,2021,2,3
hamilton,-3.6428194,0.0011028156,19,2021,2,2
max_verstappen,-4.8662314,0.0003244754,20,2021,2,1
mazepin,1.1963892,0.13961682,1,2021,3,19
latifi,1.1091183,0.12794887,2,2021,3,18
mick_schumacher,0.91435486,0.10530567,3,2021,3,17
raikkonen,0.7981837,0.09375604,4,2021,3,20
russell,0.66133773,0.08176506,5,2021,3,16
tsunoda,0.5963692,0.07662179,6,2021,3,15
stroll,0.4466239,0.065965794,7,2021,3,14
vettel,0.330555,0.058736853,8,2021,3,13
giovinazzi,0.2630848,0.0549046,9,2021,3,12
sainz,-0.00017438107,0.04219653,10,2021,3,11
gasly,-0.11897686,0.037469808,11,2021,3,10
ricciardo,-0.29006654,0.031577535,12,2021,3,9
alonso,-0.49124688,0.025822995,13,2021,3,8
ocon,-0.77157766,0.01951015,14,2021,3,7
leclerc,-1.0526934,0.014729011,15,2021,3,6
norris,-1.5274322,0.009162145,16,2021,3,5
perez,-1.764799,0.0072262,17,2021,3,4
bottas,-1.9962127,0.0057333484,18,2021,3,3
max_verstappen,-3.3576615,0.0014693957,19,2021,3,2
hamilton,-4.473563,0.00048140288,20,2021,3,1
mazepin,1.1916867,0.13324277,1,2021,4,19
tsunoda,1.1058142,0.12227838,2,2021,4,20
mick_schumacher,0.9932846,0.10926439,3,2021,4,18
alonso,0.8134768,0.091282845,4,2021,4,17
latifi,0.747546,0.08545861,5,2021,4,16
giovinazzi,0.5877458,0.07283756,6,2021,4,15
russell,0.53911287,0.069380015,7,2021,4,14
vettel,0.38551164,0.05950127,8,2021,4,13
raikkonen,0.23538008,0.05120648,9,2021,4,12
stroll,0.10056932,0.04474839,10,2021,4,11
gasly,-0.11959235,0.035905614,11,2021,4,10
ocon,-0.25097495,0.031484995,12,2021,4,9
norris,-0.5689775,0.022908514,13,2021,4,8
sainz,-0.77398276,0.018662259,14,2021,4,7
ricciardo,-1.0224006,0.014557193,15,2021,4,6
perez,-1.20936,0.012074866,16,2021,4,5
leclerc,-1.3291677,0.010711504,17,2021,4,4
bottas,-1.5358576,0.008711365,18,2021,4,3
max_verstappen,-2.5201325,0.0032555251,19,2021,4,2
hamilton,-2.7732797,0.002527439,20,2021,4,1
leclerc,1.3956516,0.14872727,1,2021,5,20
bottas,1.2545259,0.1291518,2,2021,5,19
mazepin,1.0355473,0.103752665,3,2021,5,17
mick_schumacher,0.9806941,0.09821479,4,2021,5,18
tsunoda,0.77436405,0.079904065,5,2021,5,16
latifi,0.7008228,0.07423869,6,2021,5,15
russell,0.5377552,0.06306828,7,2021,5,14
alonso,0.4613625,0.058429748,8,2021,5,13
ricciardo,0.25549147,0.047558196,9,2021,5,12
raikkonen,0.18424626,0.044287786,10,2021,5,11
giovinazzi,-0.04043387,0.03537583,11,2021,5,10
ocon,-0.25708294,0.028485058,12,2021,5,9
stroll,-0.3723269,0.025384424,13,2021,5,8
hamilton,-0.7409209,0.017558565,14,2021,5,7
gasly,-1.0346352,0.013089722,15,2021,5,6
vettel,-1.2504818,0.010548469,16,2021,5,5
perez,-1.4417156,0.008712398,17,2021,5,4
norris,-1.6832157,0.006843141,18,2021,5,3
sainz,-1.9892232,0.00503916,19,2021,5,2
max_verstappen,-3.1178901,0.0016299878,20,2021,5,1
gasly,3.0552473,0.3487548,1,2022,1,20
max_verstappen,2.6029115,0.22185706,2,2022,1,19
perez,2.1217866,0.13712712,3,2022,1,18
hulkenberg,1.565209,0.078596786,4,2022,1,17
latifi,1.3086779,0.06081276,5,2022,1,16
norris,1.001964,0.044749748,6,2022,1,15
ricciardo,0.70233315,0.03316367,7,2022,1,14
albon,0.34377164,0.023170816,8,2022,1,13
stroll,0.075627096,0.017720971,9,2022,1,12
mick_schumacher,-0.2569006,0.012707867,10,2022,1,11
zhou,-0.73229635,0.007899703,11,2022,1,10
alonso,-1.150711,0.005198711,12,2022,1,9
tsunoda,-1.6032883,0.0033063127,13,2022,1,8
ocon,-2.1210341,0.0019701063,14,2022,1,7
bottas,-2.5276995,0.001311829,15,2022,1,6
kevin_magnussen,-3.0623124,0.00076859555,16,2022,1,5
russell,-3.5665472,0.00046420656,17,2022,1,4
hamilton,-4.1584215,0.00025684055,18,2022,1,3
sainz,-4.959791,0.00011524795,19,2022,1,2
leclerc,-5.8589773,4.6894467e-05,20,2022,1,1
mick_schumacher,1.4899377,0.1769453,1,2022,2,20
tsunoda,1.2994704,0.14625818,2,2022,2,19
latifi,1.1529514,0.12632452,3,2022,2,18
ricciardo,0.9634224,0.10451446,4,2022,2,17
alonso,0.7861105,0.08753279,5,2022,2,16
bottas,0.6018714,0.07280425,6,2022,2,15
albon,0.46332654,0.063385144,7,2022,2,14
stroll,0.26658413,0.052064694,8,2022,2,13
hulkenberg,0.14845888,0.046263892,9,2022,2,12
zhou,-0.07431569,0.037024774,10,2022,2,11
hamilton,-0.40817064,0.026515579,11,2022,2,10
kevin_magnussen,-0.5982494,0.021925574,12,2022,2,9
gasly,-1.0128624,0.014483944,13,2022,2,8
norris,-1.3106515,0.010753718,14,2022,2,7
ocon,-1.9181204,0.0058578495,15,2022,2,6
russell,-2.4780078,0.0033464332,16,2022,2,5
perez,-2.854448,0.002296658,17,2022,2,4
sainz,-3.6532598,0.0010331818,18,2022,2,3
leclerc,-4.604649,0.00039901902,19,2022,2,2
max_verstappen,-4.9948416,0.00027010657,20,2022,2,1
vettel,2.190065,0.24292964,1,2022,3,19
sainz,1.7955546,0.16373701,2,2022,3,20
max_verstappen,1.4435756,0.11515539,3,2022,3,18
alonso,1.1483045,0.08571359,4,2022,3,17
latifi,0.98575485,0.07285431,5,2022,3,16
tsunoda,0.7610035,0.05818982,6,2022,3,15
kevin_magnussen,0.6270993,0.05089711,7,2022,3,14
mick_schumacher,0.50717944,0.045145307,8,2022,3,13
stroll,0.38183627,0.039826926,9,2022,3,12
zhou,0.25671405,0.035142843,10,2022,3,11
albon,-0.08210081,0.02504329,11,2022,3,10
gasly,-0.25626972,0.021040251,12,2022,3,9
bottas,-0.64134556,0.014315766,13,2022,3,8
ocon,-0.99238217,0.010077698,14,2022,3,7
ricciardo,-1.269596,0.007637809,15,2022,3,6
norris,-1.6471769,0.0052358555,16,2022,3,5
hamilton,-2.010355,0.0036413409,17,2022,3,4
russell,-2.6582394,0.0019049724,18,2022,3,3
perez,-3.1670923,0.0011452404,19,2022,3,2
leclerc,-4.30827,0.0003658386,20,2022,3,1
sainz,1.4385868,0.16622673,1,2022,4,20
alonso,1.2377852,0.13598588,2,2022,4,19
ricciardo,1.0611105,0.11396329,3,2022,4,18
mick_schumacher,0.9370019,0.10066194,4,2022,4,17
latifi,0.7979799,0.08759692,5,2022,4,16
zhou,0.6393775,0.07474957,6,2022,4,15
ocon,0.41662237,0.059822883,7,2022,4,14
hamilton,0.29046822,0.052732613,8,2022,4,13
gasly,0.15567674,0.046082933,9,2022,4,12
albon,0.02129644,0.040288344,10,2022,4,11
stroll,-0.16953425,0.033289157,11,2022,4,10
kevin_magnussen,-0.39618024,0.026538212,12,2022,4,9
vettel,-0.675593,0.02006893,13,2022,4,8
tsunoda,-0.91548276,0.015788518,14,2022,4,7
leclerc,-1.5796294,0.00812655,15,2022,4,6
bottas,-1.7681597,0.0067302086,16,2022,4,5
russell,-2.0321455,0.0051686964,17,2022,4,4
norris,-2.4653575,0.0033515007,18,2022,4,3
perez,-3.1419237,0.0017037677,19,2022,4,2
max_verstappen,-3.5584104,0.0011233949,20,2022,4,1
zhou,1.6971347,0.19577326,1,2022,5,20
norris,1.3107172,0.13302533,2,2022,5,19
gasly,1.1584611,0.11423796,3,2022,5,18
vettel,0.9539393,0.09310815,4,2022,5,17
kevin_magnussen,0.793051,0.079271086,5,2022,5,16
mick_schumacher,0.67939895,0.07075487,6,2022,5,15
latifi,0.5745227,0.063710235,7,2022,5,14
ricciardo,0.37238166,0.052049972,8,2022,5,13
tsunoda,0.22159114,0.04476442,9,2022,5,12
alonso,0.07921542,0.03882397,10,2022,5,11
stroll,-0.10920325,0.03215665,11,2022,5,10
albon,-0.37811837,0.024574375,12,2022,5,9
ocon,-0.6487448,0.018747821,13,2022,5,8
bottas,-1.0279741,0.012830797,14,2022,5,7
hamilton,-1.3962963,0.008877556,15,2022,5,6
russell,-1.7161046,0.006447663,16,2022,5,5
perez,-2.0058243,0.0048259045,17,2022,5,4
sainz,-2.344776,0.0034385384,18,2022,5,3
leclerc,-3.2090025,0.0014489217,19,2022,5,2
max_verstappen,-3.4553394,0.0011325625,20,2022,5,1
piastri,2.7781236,0.31244197,1,2023,1,20
leclerc,2.4144518,0.21718447,2,2023,1,19
ocon,2.0064063,0.1444165,3,2023,1,18
norris,1.5894502,0.09517767,4,2023,1,17
zhou,1.2292562,0.06639032,5,2023,1,16
hulkenberg,0.9031923,0.04791782,6,2023,1,15
de_vries,0.6263551,0.036330234,7,2023,1,14
kevin_magnussen,0.28178808,0.025740953,8,2023,1,13
sargeant,0.02742267,0.01995975,9,2023,1,12
tsunoda,-0.43122238,0.012617349,10,2023,1,11
albon,-0.8708656,0.008128932,11,2023,1,10
gasly,-1.2904553,0.005343282,12,2023,1,9
bottas,-1.754128,0.003360761,13,2023,1,8
russell,-2.200436,0.0021508415,14,2023,1,7
stroll,-2.6718218,0.0013424191,15,2023,1,6
hamilton,-3.2697341,0.0007382749,16,2023,1,5
sainz,-3.8322575,0.00042064654,17,2023,1,4
alonso,-4.4718156,0.0002219018,18,2023,1,3
perez,-5.4140534,8.648726e-05,19,2023,1,2
max_verstappen,-6.493737,2.9379964e-05,20,2023,1,1
stroll,1.7289318,0.19117555,1,2023,2,20
albon,1.5007447,0.15217102,2,2023,2,19
bottas,1.3242587,0.12755135,3,2023,2,18
norris,1.1492848,0.107076675,4,2023,2,17
sargeant,0.9444222,0.0872417,5,2023,2,16
piastri,0.7277092,0.07024362,6,2023,2,15
de_vries,0.62169504,0.06317795,7,2023,2,14
zhou,0.3788224,0.04955498,8,2023,2,13
hulkenberg,0.18194865,0.04069922,9,2023,2,12
tsunoda,-0.010862155,0.033562128,10,2023,2,11
kevin_magnussen,-0.33204818,0.024342218,11,2023,2,10
gasly,-0.5815962,0.018966306,12,2023,2,9
ocon,-1.0361478,0.0120385345,13,2023,2,8
leclerc,-1.3625069,0.008686353,14,2023,2,7
sainz,-1.8541248,0.0053128884,15,2023,2,6
hamilton,-2.2266717,0.0036604588,16,2023,2,5
russell,-2.5534983,0.002639955,17,2023,2,4
alonso,-3.326334,0.0012188725,18,2023,2,3
max_verstappen,-4.1387477,0.00054091803,19,2023,2,2
perez,-5.495259,0.00013931765,20,2023,2,1
leclerc,1.893219,0.21728645,1,2023,3,20
albon,1.494621,0.14585583,2,2023,3,19
russell,1.30863,0.12110131,3,2023,3,18
kevin_magnussen,1.0005107,0.0889886,4,2023,3,17
sargeant,0.9029018,0.080712974,5,2023,3,16
de_vries,0.7594291,0.06992524,6,2023,3,15
ocon,0.5163948,0.0548385,7,2023,3,14
gasly,0.3594685,0.046874132,8,2023,3,13
sainz,0.21422872,0.040537454,9,2023,3,12
bottas,0.056716308,0.034629777,10,2023,3,11
tsunoda,-0.15365228,0.028060008,11,2023,3,10
zhou,-0.3608253,0.02280939,12,2023,3,9
piastri,-0.7879159,0.014880946,13,2023,3,8
hulkenberg,-1.1079471,0.0108054485,14,2023,3,7
norris,-1.4617082,0.0075858864,15,2023,3,6
perez,-1.7410489,0.005737071,16,2023,3,5
stroll,-2.002661,0.004416452,17,2023,3,4
alonso,-2.5093193,0.002660937,18,2023,3,3
hamilton,-3.0574982,0.0015380257,19,2023,3,2
max_verstappen,-3.7683203,0.00075554,20,2023,3,1
de_vries,1.8914218,0.20064047,1,2023,4,20
zhou,1.5696659,0.14543927,2,2023,4,19
bottas,1.3773353,0.11999237,3,2023,4,18
hulkenberg,1.2268165,0.103224814,4,2023,4,17
sargeant,1.0667267,0.087954484,5,2023,4,16
ocon,0.833087,0.0696289,6,2023,4,15
gasly,0.6888979,0.060279414,7,2023,4,14
kevin_magnussen,0.5312273,0.051486526,8,2023,4,13
albon,0.3316405,0.04217102,9,2023,4,12
piastri,0.20779893,0.037258934,10,2023,4,11
tsunoda,-0.15719089,0.025865294,11,2023,4,10
norris,-0.45761263,0.0191534,12,2023,4,9
russell,-0.9292225,0.011951661,13,2023,4,8
stroll,-1.1732441,0.009363777,14,2023,4,7
hamilton,-1.5851238,0.006202603,15,2023,4,6
sainz,-2.0154266,0.004033628,16,2023,4,5
alonso,-2.5359025,0.0023969337,17,2023,4,4
leclerc,-2.910016,0.0016488478,18,2023,4,3
max_verstappen,-3.4808807,0.0009316594,19,2023,4,2
perez,-4.388136,0.0003760463,20,2023,4,1
sargeant,1.6550211,0.17714104,1,2023,5,20
piastri,1.3991635,0.13715184,2,2023,5,19
de_vries,1.232335,0.116077736,3,2023,5,18
norris,1.0734338,0.09902367,4,2023,5,17
zhou,0.9556561,0.08802151,5,2023,5,16
hulkenberg,0.77147317,0.07321486,6,2023,5,15
albon,0.5951253,0.06137794,7,2023,5,14
bottas,0.4317312,0.05212561,8,2023,5,13
stroll,0.24136844,0.043090113,9,2023,5,12
tsunoda,0.14003894,0.038937747,10,2023,5,11
kevin_magnussen,-0.037246123,0.03261196,11,2023,5,10
ocon,-0.3211899,0.024550574,12,2023,5,9
gasly,-0.64775425,0.017710734,13,2023,5,8
leclerc,-0.9804874,0.012697914,14,2023,5,7
hamilton,-1.30653,0.009165029,15,2023,5,6
sainz,-1.6678764,0.0063856207,16,2023,5,5
russell,-2.0076494,0.0045461264,17,2023,5,4
alonso,-2.2787147,0.0034667253,18,2023,5,3
perez,-3.0426877,0.0016148428,19,2023,5,2
max_verstappen,-3.4372187,0.0010883975,20,2023,5,1
sargeant,2.658585,0.30239177,1,2024,1,20
bottas,2.2726753,0.20557557,2,2024,1,19
gasly,1.9143937,0.14367189,3,2024,1,18
ocon,1.5047156,0.09537858,4,2024,1,17
hulkenberg,1.1725067,0.06841862,5,2024,1,16
albon,0.87685466,0.050906625,6,2024,1,15
tsunoda,0.5705137,0.037474178,7,2024,1,14
ricciardo,0.35497075,0.03020807,8,2024,1,13
kevin_magnussen,0.03815735,0.022005577,9,2024,1,12
zhou,-0.24061418,0.016651897,10,2024,1,11
stroll,-0.6701733,0.01083699,11,2024,1,10
alonso,-1.1841623,0.0064816573,12,2024,1,9
piastri,-1.6217805,0.004184378,13,2024,1,8
hamilton,-2.1119342,0.002563066,14,2024,1,7
norris,-2.715066,0.0014022421,15,2024,1,6
russell,-3.224075,0.0008428751,16,2024,1,5
leclerc,-3.7548528,0.00049573474,17,2024,1,4
sainz,-4.3823037,0.0002646981,18,2024,1,3
perez,-4.896896,0.0001582218,19,2024,1,2
max_verstappen,-5.491537,8.7300585e-05,20,2024,1,1
gasly,1.8687357,0.2022552,1,2024,2,20
stroll,1.508659,0.14109784,2,2024,2,19
zhou,1.3240938,0.11731803,3,2024,2,18
bottas,1.2024,0.10387567,4,2024,2,17
ricciardo,1.0201913,0.08657282,5,2024,2,16
tsunoda,0.8469967,0.07280547,6,2024,2,15
sargeant,0.6905403,0.062260985,7,2024,2,14
ocon,0.53695047,0.053396486,8,2024,2,13
kevin_magnussen,0.31938058,0.04295595,9,2024,2,12
albon,0.03194102,0.032224778,10,2024,2,11
hulkenberg,-0.21652834,0.025135128,11,2024,2,10
hamilton,-0.4459433,0.01998239,12,2024,2,9
norris,-0.83177006,0.013585791,13,2024,2,8
bearman,-1.1068633,0.010318428,14,2024,2,7
russell,-1.524874,0.0067931907,15,2024,2,6
alonso,-1.9660401,0.0043699625,16,2024,2,5
piastri,-2.487542,0.002594134,17,2024,2,4
leclerc,-3.2507966,0.0012092474,18,2024,2,3
perez,-3.6899865,0.00077943044,19,2024,2,2
max_verstappen,-4.197754,0.00046909053,20,2024,2,1
max_verstappen,1.4249328,0.170767,1,2024,3,19
hamilton,1.2736627,0.14679393,2,2024,3,18
russell,1.087727,0.12188695,3,2024,3,17
ocon,0.9208632,0.10315477,4,2024,3,16
zhou,0.75290996,0.08720634,5,2024,3,15
bottas,0.6327071,0.077329405,6,2024,3,14
gasly,0.4742004,0.06599425,7,2024,3,13
ricciardo,0.29918915,0.055398718,8,2024,3,12
albon,0.08463974,0.044701498,9,2024,3,11
kevin_magnussen,-0.15494315,0.03517811,10,2024,3,10
hulkenberg,-0.42260516,0.026917107,11,2024,3,9
alonso,-0.70235294,0.020348644,12,2024,3,8
tsunoda,-1.0525259,0.014336966,13,2024,3,7
stroll,-1.3144037,0.011033801,14,2024,3,6
perez,-1.6799792,0.007655221,15,2024,3,5
piastri,-2.1054115,0.005002589,16,2024,3,4
norris,-2.5795498,0.0031137175,17,2024,3,3
leclerc,-3.0237875,0.001996867,18,2024,3,2
sainz,-3.5464106,0.0011840685,19,2024,3,1
albon,1.6513255,0.1757471,1,2024,4,20
ricciardo,1.483775,0.14863528,2,2024,4,19
zhou,1.3248729,0.12679775,3,2024,4,18
sargeant,1.1744825,0.10909326,4,2024,4,17
gasly,0.9519925,0.08733167,5,2024,4,16
ocon,0.79964054,0.07499048,6,2024,4,15
bottas,0.6819816,0.06666648,7,2024,4,14
kevin_magnussen,0.5280089,0.05715286,8,2024,4,13
stroll,0.24019393,0.04285895,9,2024,4,12
hulkenberg,-0.019248389,0.033064894,10,2024,4,11
tsunoda,-0.17710903,0.028236391,11,2024,4,10
hamilton,-0.7041632,0.016669108,12,2024,4,9
piastri,-1.0681368,0.011583522,13,2024,4,8
russell,-1.3892474,0.008402029,14,2024,4,7
alonso,-1.8272583,0.005421986,15,2024,4,6
norris,-2.362229,0.0031755834,16,2024,4,5
leclerc,-2.8780043,0.0018959428,17,2024,4,4
sainz,-3.3655453,0.0011643645,18,2024,4,3
perez,-3.936351,0.0006579472,19,2024,4,2
max_verstappen,-4.306544,0.00045437904,20,2024,4,1
bottas,2.220734,0.23663846,1,2024,5,20
tsunoda,1.7667037,0.15028046,2,2024,5,19
ricciardo,1.5559219,0.12171977,3,2024,5,18
sargeant,1.3123432,0.09540613,4,2024,5,17
kevin_magnussen,1.0840671,0.07593417,5,2024,5,16
stroll,0.91629064,0.06420559,6,2024,5,15
zhou,0.7772732,0.055872522,7,2024,5,14
gasly,0.62655437,0.04805537,8,2024,5,13
albon,0.4364016,0.03973376,9,2024,5,12
ocon,0.25001338,0.03297709,10,2024,5,11
hulkenberg,-0.022195706,0.02511848,11,2024,5,10
hamilton,-0.46084353,0.016199106,12,2024,5,9
piastri,-0.80648273,0.011465205,13,2024,5,8
alonso,-1.0841676,0.008685299,14,2024,5,7
russell,-1.3628691,0.006572739,15,2024,5,6
sainz,-1.7559853,0.004436272,16,2024,5,5
leclerc,-2.202765,0.0028378149,17,2024,5,4
perez,-2.566421,0.0019726509,18,2024,5,3
norris,-2.884739,0.0014348509,19,2024,5,2
max_verstappen,-4.03497,0.00045422144,20,2024,5,1
norris,-1.6113843,1.0,1,2024,6,1
hadjar,2.965523,0.3024107,1,2025,1,20
doohan,2.5489097,0.19937205,2,2025,1,19
sainz,2.2711847,0.15102535,3,2025,1,18
alonso,1.8863692,0.10278427,4,2025,1,17
bortoleto,1.6776392,0.08342119,5,2025,1,16
lawson,1.3019527,0.05729514,6,2025,1,15
bearman,0.73198974,0.03240305,7,2025,1,14
ocon,0.4044359,0.023352383,8,2025,1,13
tsunoda,0.09703248,0.017172266,9,2025,1,12
gasly,-0.26695186,0.011933043,10,2025,1,11
hamilton,-0.78212553,0.007128762,11,2025,1,10
piastri,-1.2318351,0.004546819,12,2025,1,9
leclerc,-1.6844529,0.0028916008,13,2025,1,8
hulkenberg,-2.1345923,0.001843509,14,2025,1,7
stroll,-2.6485107,0.0011026897,15,2025,1,6
albon,-3.1541605,0.0006650472,16,2025,1,5
antonelli,-3.7902074,0.00035206325,17,2025,1,4
russell,-4.458543,0.00018045398,18,2025,1,3
max_verstappen,-5.15103,9.028651e-05,19,2025,1,2
norris,-6.273801,2.9377165e-05,20,2025,1,1
gasly,1.6719694,0.1901409,1,2025,2,20
hamilton,1.4347047,0.1499798,2,2025,2,19
leclerc,1.2279953,0.121971965,3,2025,2,18
alonso,1.0770999,0.10488829,4,2025,2,17
tsunoda,0.8317517,0.08206796,5,2025,2,16
hulkenberg,0.7066981,0.07242084,6,2025,2,15
bortoleto,0.54182476,0.061412957,7,2025,2,14
doohan,0.3640892,0.051412698,8,2025,2,13
lawson,0.19837645,0.043561436,9,2025,2,12
hadjar,0.0027872254,0.03582275,10,2025,2,11
sainz,-0.1960298,0.029363906,11,2025,2,10
stroll,-0.43909973,0.02302766,12,2025,2,9
bearman,-0.9999065,0.013143002,13,2025,2,8
albon,-1.4183024,0.008649429,14,2025,2,7
antonelli,-1.8453063,0.0056434157,15,2025,2,6
ocon,-2.1176407,0.0042980234,16,2025,2,5
max_verstappen,-3.35178,0.001251091,17,2025,2,4
russell,-4.215553,0.0005274206,18,2025,2,3
norris,-4.8774257,0.00027208801,19,2025,2,2
piastri,-5.5110393,0.00014438912,20,2025,2,1
stroll,2.1472735,0.23260348,1,2025,3,20
bortoleto,1.8777897,0.1776564,2,2025,3,19
ocon,1.5982913,0.13433719,3,2025,3,18
lawson,1.342495,0.10401723,4,2025,3,17
hulkenberg,1.1043712,0.08197652,5,2025,3,16
doohan,0.8817989,0.065618694,6,2025,3,15
sainz,0.64777994,0.051927138,7,2025,3,14
gasly,0.3758939,0.039565418,8,2025,3,13
tsunoda,0.12856628,0.030896036,9,2025,3,12
alonso,-0.03787027,0.026158953,10,2025,3,11
bearman,-0.40627748,0.01809769,11,2025,3,10
albon,-0.6973498,0.013527327,12,2025,3,9
hadjar,-1.0594771,0.00941764,13,2025,3,8
hamilton,-1.5489415,0.005772585,14,2025,3,7
antonelli,-1.8857812,0.0041217604,15,2025,3,6
russell,-2.583714,0.0020510415,16,2025,3,5
leclerc,-3.0705478,0.0012605069,17,2025,3,4
piastri,-3.8131523,0.00059984095,18,2025,3,3
norris,-4.5894604,0.00027598775,19,2025,3,2
max_verstappen,-5.433857,0.00011862413,20,2025,3,1
hulkenberg,2.0308118,0.22067182,1,2025,4,20
sainz,1.7320061,0.16367306,2,2025,4,19
bortoleto,1.5588515,0.1376503,3,2025,4,18
stroll,1.2959852,0.10583169,4,2025,4,17
lawson,1.0113038,0.07961229,5,2025,4,16
alonso,0.78088444,0.06322813,6,2025,4,15
doohan,0.6572545,0.05587513,7,2025,4,14
hadjar,0.40140283,0.0432617,8,2025,4,13
albon,0.11815615,0.032590505,9,2025,4,12
antonelli,-0.14228392,0.025117906,10,2025,4,11
bearman,-0.281248,0.021859087,11,2025,4,10
tsunoda,-0.5331696,0.01699119,12,2025,4,9
ocon,-0.79928213,0.013021251,13,2025,4,8
gasly,-1.1939824,0.008774786,14,2025,4,7
max_verstappen,-1.8229954,0.004677994,15,2025,4,6
hamilton,-2.1538537,0.003360235,16,2025,4,5
leclerc,-2.6865103,0.0019726034,17,2025,4,4
norris,-3.317791,0.0010492482,18,2025,4,3
russell,-3.817727,0.00063644187,19,2025,4,2
piastri,-5.2995596,0.0001446129,20,2025,4,1
gasly,2.2783158,0.23871318,1,2025,5,20
tsunoda,1.8787214,0.16007914,2,2025,5,19
bortoleto,1.6564096,0.12816986,3,2025,5,18
doohan,1.4095407,0.10013182,4,2025,5,17
stroll,1.1823833,0.07978458,5,2025,5,16
hulkenberg,0.9998961,0.06647613,6,2025,5,15
ocon,0.7679522,0.05271495,7,2025,5,14
bearman,0.5540075,0.042561684,8,2025,5,13
lawson,0.39842185,0.036429133,9,2025,5,12
alonso,0.1368768,0.028045373,10,2025,5,11
hadjar,-0.13354737,0.021400187,11,2025,5,10
albon,-0.4323878,0.015872039,12,2025,5,9
sainz,-0.80291885,0.010957542,13,2025,5,8
hamilton,-1.268645,0.0068778214,14,2025,5,7
antonelli,-1.6198766,0.004840753,15,2025,5,6
russell,-2.1450424,0.002863099,16,2025,5,5
norris,-2.5803118,0.001852684,17,2025,5,4
leclerc,-2.9930801,0.0012261351,18,2025,5,3
max_verstappen,-3.6334932,0.0006462646,19,2025,5,2
piastri,-4.22516,0.00035764533,20,2025,5,1
hadjar,3.478906,0.37487713,1,2026,1,20
bottas,2.9303463,0.21659704,2,2026,1,19
alonso,2.4924328,0.13978775,3,2026,1,18
stroll,2.0430124,0.08918428,4,2026,1,17
perez,1.6561046,0.060569834,5,2026,1,16
sainz,1.2438828,0.040107977,6,2026,1,15
colapinto,0.82379943,0.026350617,7,2026,1,14
lawson,0.44706196,0.018079061,8,2026,1,13
albon,0.097107455,0.012740676,9,2026,1,12
ocon,-0.32706288,0.008336384,10,2026,1,11
gasly,-0.8077953,0.005154639,11,2026,1,10
bortoleto,-1.2549021,0.0032962658,12,2026,1,9
arvid_lindblad,-1.7361356,0.0020371599,13,2026,1,8
bearman,-2.2096753,0.0012687306,14,2026,1,7
max_verstappen,-2.6857395,0.0007881657,15,2026,1,6
norris,-3.2964375,0.00042795163,16,2026,1,5
hamilton,-3.940799,0.00022467358,17,2026,1,4
leclerc,-4.662063,0.000109222194,18,2026,1,3
antonelli,-5.507164,4.6912486e-05,19,2026,1,2
russell,-6.612364,1.5534823e-05,20,2026,1,1
