timestamp,new_race_found,steps_run,new_rounds,duration_s,retrained
2026-06-12 11:42,,,0.0,459.1,False
2026-06-13 10:28,,,0.0,459.6,False
2026-06-14 10:51,,,0.0,434.1,False
2026-06-15 00:16,,,0.0,483.8,False
2026-06-15 13:54,,,0.0,484.7,False
2026-06-16 12:52,,,0.0,431.7,False
2026-06-17 12:17,,,0.0,473.6,False
2026-06-18 11:52,,,0.0,478.2,False
2026-06-19 12:05,,,0.0,426.4,False
2026-06-20 10:33,,,0.0,444.8,False
2026-06-21 11:06,,,0.0,432.7,False
2026-06-22 00:18,,,0.0,435.8,False
2026-06-22 13:29,,,0.0,222.9,False
2026-06-23 11:01,,,0.0,480.7,False
2026-06-24 10:49,,,0.0,545.5,False
2026-06-25 10:40,,,0.0,433.9,False
2026-06-26 10:50,,,0.0,429.8,False
2026-06-27 10:03,,,0.0,486.9,False
2026-06-28 10:27,,,0.0,433.9,False
2026-06-29 00:16,,,0.0,434.0,False
2026-06-29 12:30,,,0.0,475.1,False
2026-06-30 10:55,,,0.0,433.9,False
2026-07-01 11:24,,,0.0,479.0,False
2026-07-02 10:35,,,0.0,479.6,False
2026-07-03 10:33,,,0.0,439.2,False
2026-07-04 10:06,,,0.0,476.8,False
2026-07-05 10:10,,,0.0,478.8,False
2026-07-06 00:11,,,0.0,402.9,False
2026-07-06 12:02,,,0.0,477.7,False
2026-07-07 10:52,,,0.0,475.7,False
2026-07-08 10:14,,,0.0,484.0,False
2026-07-09 10:52,,,0.0,477.0,False
2026-07-10 10:51,,,0.0,476.7,False
2026-07-11 09:24,,,0.0,498.0,False
2026-07-12 09:48,,,0.0,367.7,False
2026-07-13 00:00,,,0.0,438.5,False
2026-07-13 10:56,,,0.0,478.7,False
2026-07-14 09:53,,,0.0,490.0,False
2026-07-15 09:56,,,0.0,442.1,False
2026-07-16 10:03,,,0.0,469.7,False
2026-07-17 09:53,,,0.0,424.9,False
2026-07-18 09:22,,,0.0,430.3,False
2026-07-19 09:51,,,0.0,482.1,False
2026-07-20 00:04,,,0.0,476.4,False
2026-07-20 10:47,,,0.0,439.2,False
2026-07-21 10:22,,,0.0,481.9,False
2026-07-22 10:20,,,0.0,379.0,False
2026-07-23 10:18,,,0.0,483.2,False
2026-07-24 10:11,,,0.0,290.8,False
2026-07-25 09:34,,,0.0,480.1,False
2026-07-26 09:58,,,0.0,476.5,False
2026-07-27 00:07,,,0.0,499.0,False
2026-07-27 11:17,,,0.0,482.9,False
2026-07-28 10:31,,,0.0,498.3,False
2026-07-29 10:36,,,0.0,474.3,False
2026-07-30 10:19,,,0.0,485.2,False
2026-07-31 10:36,,,0.0,494.0,False
2026-08-01 09:57,,,0.0,489.5,False
2026-08-02 09:55,,,0.0,430.9,False
2026-08-03 00:06,,,0.0,487.0,False
2026-08-03 11:20,,,0.0,493.5,False
2026-08-04 10:32,,,0.0,337.7,False
2026-08-05 10:31,,,0.0,446.9,False
2026-08-06 10:35,,,0.0,486.5,False
2026-08-07 08:52,,,0.0,437.1,False
2026-08-08 08:35,,,0.0,478.6,False
2026-08-09 08:37,,,0.0,478.9,False
2026-08-09 23:38,,,0.0,470.1,False
2026-08-10 09:13,,,0.0,436.3,False
2026-08-11 08:51,,,0.0,487.3,False
2026-08-12 09:04,,,0.0,257.0,False
2026-08-13 09:06,,,0.0,294.8,False
2026-08-14 09:03,,,0.0,394.4,False
2026-08-15 08:23,,,0.0,502.0,False
2026-08-16 08:20,,,0.0,288.5,False
2026-08-16 23:24,,,0.0,346.8,False
2026-08-17 08:38,,,0.0,479.2,False
2026-08-18 08:30,,,0.0,485.3,False
2026-08-19 08:31,,,0.0,484.2,False
2026-08-20 08:31,,,0.0,431.3,False
2026-08-21 08:33,,,0.0,423.9,False
2026-08-22 08:24,,,0.0,479.7,False
2026-08-23 08:25,,,0.0,481.4,False
2026-08-23 23:27,,,0.0,510.8,False
2026-08-24 08:39,,,0.0,242.4,False
2026-08-25 08:37,,,0.0,492.5,False
2026-08-26 08:38,,,0.0,494.1,False
2026-08-27 18:34,,,0.0,285.9,False
2026-08-28 19:52,,,0.0,423.2,False
2026-08-29 13:35,,,0.0,432.5,False
2026-08-30 13:32,,,0.0,499.1,False
2026-08-31 01:13,,,0.0,437.1,False
2026-08-31 15:44,,,0.0,338.7,False
2026-09-01 12:59,,,0.0,427.2,False
2026-09-02 12:30,,,0.0,489.7,False
2026-09-03 12:27,,,0.0,437.7,False
2026-09-04 12:26,,,0.0,324.4,False
2026-09-05 11:36,,,0.0,507.3,False
2026-09-06 11:54,,,0.0,344.3,False
2026-09-07 00:50,,,0.0,483.5,False
