timestamp,new_race_found,steps_run,new_rounds,duration_s,retrained
2026-03-15 14:42,True,"weather, race_data, build_dataset, xgboost, elo, bayesian, monte_carlo, ensemble",,,
2026-03-28 08:37,,,0.0,562.9,False
2026-03-29 08:39,,,0.0,613.8,False
2026-03-29 23:54,,,1.0,1233.4,True
2026-03-30 09:12,,,0.0,537.3,False
2026-03-31 08:54,,,0.0,528.5,False
2026-04-01 09:03,,,0.0,522.8,False
2026-04-02 08:53,,,0.0,546.2,False
2026-04-03 08:50,,,0.0,526.3,False
2026-04-04 08:39,,,0.0,577.8,False
2026-04-05 08:42,,,0.0,594.5,False
2026-04-05 23:43,,,0.0,591.7,False
2026-04-06 09:10,,,0.0,584.0,False
2026-04-07 09:01,,,0.0,534.7,False
2026-04-08 09:02,,,0.0,581.6,False
2026-04-09 09:09,,,0.0,601.6,False
2026-04-10 09:09,,,0.0,595.8,False
2026-04-11 08:40,,,0.0,544.8,False
2026-04-12 08:47,,,0.0,589.6,False
2026-04-12 23:44,,,0.0,585.4,False
2026-04-13 09:35,,,0.0,538.2,False
2026-04-14 09:19,,,0.0,602.5,False
2026-04-15 09:20,,,0.0,604.8,False
2026-04-16 09:18,,,0.0,583.7,False
2026-04-17 09:17,,,0.0,529.1,False
2026-04-18 08:46,,,0.0,539.2,False
2026-04-19 08:52,,,0.0,591.9,False
2026-04-19 23:46,,,0.0,586.7,False
2026-04-20 09:58,,,0.0,584.0,False
2026-04-21 09:27,,,0.0,606.4,False
2026-04-22 09:20,,,0.0,540.8,False
2026-04-23 09:27,,,0.0,584.7,False
2026-04-24 09:32,,,0.0,591.1,False
2026-04-25 08:51,,,0.0,606.5,False
2026-04-26 08:58,,,0.0,528.2,False
2026-04-26 23:48,,,0.0,591.4,False
2026-04-27 10:15,,,0.0,588.6,False
2026-04-28 10:14,,,0.0,532.3,False
2026-04-29 10:06,,,0.0,530.9,False
2026-04-30 10:07,,,0.0,588.2,False
2026-05-01 09:34,,,0.0,574.2,False
2026-05-02 09:05,,,0.0,539.7,False
2026-05-03 09:22,,,0.0,580.2,False
2026-05-03 23:53,,,0.0,536.4,False
2026-05-04 10:14,,,0.0,534.1,False
2026-05-05 10:02,,,0.0,601.0,False
